system:index,GID_0,GID_1,NAME_0,NAME_1,VARNAME_1,sum,.geo
0000f8c9d84d25b54090,SHN,SHN.3_1,Saint Helena,Tristan da Cunha,TristÃ£o da Cunha,0.0,
0000b227cf6e6027fead,SHN,SHN.2_1,Saint Helena,Saint Helena,,392.0299650860768,
0000425a24df98abc728,SHN,SHN.1_1,Saint Helena,Ascension,AscensÃ£o,375.0232999775924,
0000a8f54daf9a729964,ESH,ESH.4_1,Western Sahara,Oued el Dahab,Ed Dakhla|Oued Eddahab,2617.8639799572675,
0000d317156b6f784739,ESH,ESH.1_1,Western Sahara,Boujdour,Bojador,4117.528544066818,
000091ca6c992b3e1c2d,MRT,MRT.12_1,Mauritania,Tiris Zemmour,,18785.735628008842,
00006f1c03981054c396,ESH,ESH.3_1,Western Sahara,Laayoune,El aaiÃºn,207007.09782730808,
00001668573b47a8d958,ESH,ESH.2_1,Western Sahara,Es Semara,Smara,7584.164984643459,
00001b116635795d76c7,MAR,MAR.6_1,Morocco,Guelmim - Es-Semara,,157847.90016061795,
0000abdb4116f29564f9,MAR,MAR.7_1,Morocco,LaÃ¢youne - Boujdour - Sakia El Hamra,,2591.0508308366234,
0000652dc562a34887d3,MAR,MAR.4_1,Morocco,Gharb - Chrarda - BÃ©ni Hssen,,633007.856308586,
00004938b3256d63ce7f,MAR,MAR.14_1,Morocco,Tanger - TÃ©touan,,585278.345674908,
0000c0944762609b6915,MAR,MAR.15_1,Morocco,Taza - Al Hoceima - Taounate,,541634.808873416,
0000aa73af7914844178,ESP,ESP.7_1,Spain,Ceuta y Melilla,,4278.305487916984,
00009e5e45df96a30c31,MAR,MAR.10_1,Morocco,Oriental,,762832.7637698188,
0000ef5e7eb6970c1d28,DZA,DZA.48_1,Algeria,Tlemcen,Tilimsene|Tlemsane|Tilimsen|TremecÃ©m,433640.18032157834,
0000ea67a1b3507c6e05,DZA,DZA.3_1,Algeria,AÃ¯n TÃ©mouchent,Ain Tamouchent,174513.97100408218,
00008aa0ec11f4fc2104,DZA,DZA.30_1,Algeria,Mostaganem,Mostaghanem|Mestghanem,388916.63312148146,
000051bbf06319774ff4,DZA,DZA.27_1,Algeria,Mascara,Mouaskar,344544.69558269193,
00005919d4077991ae9e,DZA,DZA.32_1,Algeria,Oran,OrÃ¡n|Orano|OrÃ£o|Ouahran|Ouahrane|Wahran,161341.87491361843,
0000989a3da7d2f3120e,DZA,DZA.38_1,Algeria,Sidi Bel AbbÃ¨s,Sidi-Bel-Abbes,318417.94521790533,
000067f888be35444821,DZA,DZA.36_1,Algeria,SaÃ¯da,,66902.84441790204,
0000c49864d7ec32e52f,DZA,DZA.17_1,Algeria,El Bayadh,El Bayad|El Beyyadh|GÃ©ryville,52288.112409326786,
0000ec4eb93ae14a530a,DZA,DZA.31_1,Algeria,NaÃ¢ma,Naama,115174.6091812315,
0000862acb383ef8dde0,DZA,DZA.7_1,Algeria,BÃ©char,Colomb-BÃ©char|Bechar,141295.2886708463,
0000f4cd148d34f8bc9e,DZA,DZA.1_1,Algeria,Adrar,DuperrÃ©,343294.31669707596,
000075d5221b5f06f09d,MAR,MAR.9_1,Morocco,MeknÃ¨s - Tafilalet,,601896.7089765525,
000039ec14680d41579b,DZA,DZA.44_1,Algeria,Tindouf,Tiaret,37413.071345582604,
000025bab4da20c10534,MAR,MAR.3_1,Morocco,FÃ¨s - Boulemane,,389956.72564454825,
0000a729f6df5f88baf2,MAR,MAR.11_1,Morocco,Rabat - SalÃ© - Zemmour - Zaer,,245395.81382230707,
0000f812f55fcc62db10,MAR,MAR.1_1,Morocco,Chaouia - Ouardigha,,718759.0767036567,
000072342323ae199fe8,MAR,MAR.13_1,Morocco,Tadla - Azilal,,908105.4257762758,
00008b899c1371d90055,MAR,MAR.12_1,Morocco,Souss - Massa - DraÃ¢,,1490219.8784422157,
0000c9f79b241823157f,MAR,MAR.8_1,Morocco,Marrakech - Tensift - Al Haouz,,1424527.1300149069,
00004e3193531c4657dd,MAR,MAR.5_1,Morocco,Grand Casablanca,,754819.50196042,
0000716943d026c6a28c,MAR,MAR.2_1,Morocco,Doukkala - Abda,,448407.93970607384,
0000c505d46fa3ffd8a0,MRT,MRT.1_1,Mauritania,Adrar,,10604.797900676727,
00007846c1adc2533a38,MRT,MRT.7_1,Mauritania,Hodh ech Chargui,Eastern Hodh|Hodh Charghi|Hodh Oriental,58250.826817929745,
00007963755b337d8340,MLI,MLI.9_1,Mali,Timbuktu,Timbouctou|Tombouctou|TimbuctÂ|Timbuctu|Tombuktu|TombuctÃº|Tomboucto,103561.01074928045,
00000cc9f86a5150fd8e,MLI,MLI.4_1,Mali,Kidal,,19338.22032573293,
0000cbe5ae5b7597717f,MLI,MLI.2_1,Mali,Gao,,28516.236060857773,
00001585d27a850541e6,BFA,BFA.12_1,Burkina Faso,Sahel,,219218.4789289236,
0000c770f163a3ab2a9e,MLI,MLI.6_1,Mali,Mopti,,301540.4817305467,
0000046e2cf5fd905b55,BFA,BFA.10_1,Burkina Faso,Nord,,24957.142647862434,
0000f2e9059432203744,BFA,BFA.4_1,Burkina Faso,Centre-Nord,,29785.368663072586,
0000b4e0282372ebaf08,BFA,BFA.8_1,Burkina Faso,Est,,115688.22382816895,
0000c9a94e51cd4db13e,BFA,BFA.11_1,Burkina Faso,Plateau-Central,,14269.037536195912,
00002cdc08b8bbaa4fba,BFA,BFA.3_1,Burkina Faso,Centre-Est,,62380.538958758705,
00003de32091289a3c2f,BFA,BFA.7_1,Burkina Faso,Centre,,65058.08975324093,
0000d565377a34d68200,BFA,BFA.6_1,Burkina Faso,Centre-Sud,,14029.60264365042,
000096cf0d6569f37a73,GHA,GHA.7_1,Ghana,Upper East,,288565.2668133866,
00004f4af390e756511e,TGO,TGO.5_1,Togo,Savanes,RÃ©gion des Savanes,146892.24231198244,
00004a18528299f30e7b,GHA,GHA.6_1,Ghana,Northern,,765432.1871578514,
0000f8925c5c9e5607e8,BFA,BFA.5_1,Burkina Faso,Centre-Ouest,,19143.692711284813,
0000febc2c03e8095cc1,GHA,GHA.8_1,Ghana,Upper West,,224934.09857918456,
0000f1464e81665a2322,BFA,BFA.1_1,Burkina Faso,Boucle du Mouhoun,,43725.57129425628,
00006d18bde90d5e3bf7,BFA,BFA.9_1,Burkina Faso,Haut-Bassins,,94776.67374110222,
0000d59a255e4eaba06b,BFA,BFA.13_1,Burkina Faso,Sud-Ouest,,31205.36555946224,
0000dc98ea3cd42597eb,BFA,BFA.2_1,Burkina Faso,Cascades,,18017.337085471903,
0000cd6763c3938e8104,MLI,MLI.8_1,Mali,Sikasso,,143131.10246602836,
0000354d7484d6713067,MLI,MLI.7_1,Mali,SÃ©gou,Segou,266730.3681075573,
0000a50735eb481f8af5,MLI,MLI.5_1,Mali,Koulikoro,,491222.9221280884,
0000b1b6c0305f4229d0,CIV,CIV.10_1,CÃ´te d'Ivoire,Savanes,,458150.95713024837,
000066dca0376bf6dc20,MLI,MLI.1_1,Mali,Bamako,,11422.70206610876,
000098dbce621d2ac3b1,MLI,MLI.3_1,Mali,Kayes,,235441.99051682785,
00004a31ab78db81c6cb,GIN,GIN.4_1,Guinea,Kankan,,79241.03919983073,
0000e6469980eacff98f,GIN,GIN.3_1,Guinea,Faranah,,1487.904180407524,
0000c5307888e2131c81,MRT,MRT.8_1,Mauritania,Hodh el Gharbi,Hodh Occidental|Western Hodh,18294.197956323624,
00005d7bcce6b53f4b93,MRT,MRT.2_1,Mauritania,Assaba,AÃ§aba|el-`AÃ§Ã¢ba,48242.2603352722,
0000316580ec4436d09e,MRT,MRT.11_1,Mauritania,Tagant,,13654.525474942198,
0000d6a4dcd131de9ae3,MRT,MRT.3_1,Mauritania,Brakna,,32749.596577417153,
0000473da798f9bf22a0,MRT,MRT.5_1,Mauritania,Gorgol,,52277.09434979406,
0000070ae703dd871c86,SEN,SEN.9_1,Senegal,Matam,,92145.49822827391,
0000f4afb55637b944c2,MRT,MRT.13_1,Mauritania,Trarza,,41750.533024423654,
00000a97e329c2941d51,MRT,MRT.9_1,Mauritania,Inchiri,,4424.838006079197,
0000bcf234cd9889cc82,SEN,SEN.10_1,Senegal,Saint-Louis,Fleuve|VallÃ©e du Fleuve,302572.42395226745,
00008631ba6de554c318,SEN,SEN.8_1,Senegal,Louga,,214848.94376163834,
0000df7f6d5b15f9a08d,MRT,MRT.10_1,Mauritania,Nouakchott,,89348.5981097261,
0000ffc9a295e5145dce,MRT,MRT.4_1,Mauritania,Dakhlet Nouadhibou,Dakhlet NouÃ¢dhibou|Baie du LÃ©vrier|LÃ©vrier Bay,5914.9147382659075,
00000bff205a417f3641,SEN,SEN.13_1,Senegal,ThiÃ¨s,,297241.23185374227,
0000d4c4e2b53225c3b7,SEN,SEN.1_1,Senegal,Dakar,Cap Vert|Dacar,33105.46015178514,
00001a20b679ae705ff1,SEN,SEN.2_1,Senegal,Diourbel,,90440.3395712191,
0000c9c06988cd757bb4,SEN,SEN.3_1,Senegal,Fatick,,51442.010922486406,
00009258428b84a4bbb3,GMB,GMB.4_1,Gambia,North Bank,,544.600147262274,
0000560729acf5d2db25,GMB,GMB.6_1,Gambia,Western,,13157.71753902669,
0000d8668f8188311ce7,GMB,GMB.1_1,Gambia,Banjul,,236.3992331308477,
0000c982ccb3ecd976f5,SEN,SEN.14_1,Senegal,Ziguinchor,,7772.168052380926,
0000ef2ad336db8398c5,GNB,GNB.5_1,Guinea-Bissau,Cacheu,,0.0,
0000a00d73b30de79350,GNB,GNB.4_1,Guinea-Bissau,Bolama,Bolama-Bijagcs,2822.128419413286,
0000a1c738441a486659,GNB,GNB.9_1,Guinea-Bissau,Tombali,,320.75486850738525,
00004486e2afb34a4d63,GNB,GNB.8_1,Guinea-Bissau,Quinara,Buba,8.231196582317352,
0000092a7173ace73203,GIN,GIN.1_1,Guinea,BokÃ©,,55650.06283877036,
00008ea2bf0104e36476,GIN,GIN.5_1,Guinea,Kindia,,97225.4262738702,
00005089229e88ca61b1,GNB,GNB.6_1,Guinea-Bissau,GabÃº,,4231.436030387878,
0000d29d932816658073,GNB,GNB.1_1,Guinea-Bissau,BafatÃ¡,,480.39839708805084,
0000ef286282c2244d97,GNB,GNB.7_1,Guinea-Bissau,Oio,,0.0,
00003618694a9df5c034,SEN,SEN.7_1,Senegal,Kolda,,18215.18170362711,
000015736031466a909e,SEN,SEN.12_1,Senegal,Tambacounda,SÃ©nÃ©gal Oriental,20385.6949974593,
0000b801f0cec9cc20a1,SEN,SEN.11_1,Senegal,SÃ©dhiou,,542.2776802778244,
0000602f33c867e3b9b7,GNB,GNB.3_1,Guinea-Bissau,Bissau,,7594.151758853125,
00008e0ccc9344e532ea,GNB,GNB.2_1,Guinea-Bissau,Biombo,,1283.4277390557177,
0000bbc6b305f2c6909a,GMB,GMB.2_1,Gambia,Lower River,Central|South Bank,0.0,
00004159c410485e6ec8,SEN,SEN.5_1,Senegal,Kaolack,,83747.60680297017,
0000106e943de78c023c,GMB,GMB.3_1,Gambia,Maccarthy Island,Central River|Jangjangbureh|Janjanbureh|Janjangburreh,13.06406289689681,
00003e1c753980ca870d,SEN,SEN.4_1,Senegal,Kaffrine,,52713.90995468672,
00006ba1e01395c37849,GMB,GMB.5_1,Gambia,Upper River,,23.223493449360717,
0000907166da06af5667,SEN,SEN.6_1,Senegal,KÃ©dougou,SÃ©nÃ©gal Oriental,4863.728616837895,
0000b2f76e1579347564,MRT,MRT.6_1,Mauritania,Guidimaka,Guidimagha|Guidimakha,6749.612387167472,
0000ab37cc2d64c1717f,GIN,GIN.6_1,Guinea,LabÃ©,,1829.1691238880157,
0000772822dfacd7dde6,GIN,GIN.7_1,Guinea,Mamou,,9600.911458194256,
000006909bc1d595410e,SLE,SLE.2_1,Sierra Leone,Northern,,16674.9269008356,
000013d321e7152cce44,SLE,SLE.1_1,Sierra Leone,Eastern,,1915.7883161902428,
00003a75c5ae36e696e5,GIN,GIN.2_1,Guinea,Conakry,,30848.710851915035,
0000c91c3d31d65c6762,SLE,SLE.3_1,Sierra Leone,Southern,,5802.125200748444,
0000386c909e82a8650c,SLE,SLE.4_1,Sierra Leone,Western,,10439.713250031426,
00001e9742320052d8b8,GIN,GIN.8_1,Guinea,NzÃ©rÃ©korÃ©,,4258.008009046667,
00006549045a637e2fb7,LBR,LBR.3_1,Liberia,Gbapolu,Gbarpolu,0.0,
00003ae2d4bf0b55f62e,LBR,LBR.4_1,Liberia,Grand Cape Mount,,5452.878084659576,
0000a557ff1c1c7c3b20,LBR,LBR.1_1,Liberia,Bomi,,991.306618773236,
00009f930a0069bec042,LBR,LBR.11_1,Liberia,Montserrado,,3600.7149951285005,
00002071b993cf1abaa5,LBR,LBR.9_1,Liberia,Margibi,,37642.03452805386,
0000efc0e6b1324328e1,CIV,CIV.2_1,CÃ´te d'Ivoire,Bas-Sassandra,,438909.96376036387,
0000aa958ecd3715c755,LBR,LBR.10_1,Liberia,Maryland,,1040.4951225023642,
0000cd72e9ef91220391,LBR,LBR.7_1,Liberia,GrandKru,Grand Kru,0.0,
00007d6ec3b1bbe8f4d4,LBR,LBR.14_1,Liberia,River Gee,,1938.072521686554,
0000f40ba36f9387ba73,LBR,LBR.15_1,Liberia,Sinoe,,13.236647129058838,
00008b191d54f6a664e1,LBR,LBR.5_1,Liberia,GrandBassa,Grand Bassa,5124.829884661179,
0000defcf5b9a720b1a9,LBR,LBR.13_1,Liberia,River Cess,Rivercess,0.0,
00006c59a95551c057d6,LBR,LBR.6_1,Liberia,GrandGedeh,Grand Gedeh,4.729187176274318,
000063949a259c126e3a,CIV,CIV.8_1,CÃ´te d'Ivoire,Montagnes,,179753.97502179415,
0000f7ee77724941fe4b,LBR,LBR.12_1,Liberia,Nimba,,1404.2354491251356,
0000c27beff12c9248fa,LBR,LBR.2_1,Liberia,Bong,,1824.3166100978851,
000054bf1264cdd7cbb3,LBR,LBR.8_1,Liberia,Lofa,,0.0,
0000b8870bad030fd0ba,CIV,CIV.4_1,CÃ´te d'Ivoire,DenguÃ©lÃ©,,112830.49113339384,
0000a50fa2869366876b,CIV,CIV.12_1,CÃ´te d'Ivoire,Woroba,,243026.33091643534,
0000b9090754a59a1575,CIV,CIV.9_1,CÃ´te d'Ivoire,Sassandra-MarahouÃ©,,475786.3213644032,
0000b2e1df0c1568c2c8,CIV,CIV.11_1,CÃ´te d'Ivoire,VallÃ©e du Bandama,,354444.2382836896,
0000656b0e363a060add,CIV,CIV.6_1,CÃ´te d'Ivoire,Lacs,,558880.6552400296,
0000701e3d5d38823afb,CIV,CIV.13_1,CÃ´te d'Ivoire,Yamoussoukro,,122699.03683206557,
000092c509a76a18ea90,CIV,CIV.7_1,CÃ´te d'Ivoire,Lagunes,,490894.6238749022,
00006963ce9fa7537179,CIV,CIV.5_1,CÃ´te d'Ivoire,GÃ´h-Djiboua,,751286.2190183682,
00001d89e5cdde269603,CIV,CIV.1_1,CÃ´te d'Ivoire,Abidjan,,133481.75462580856,
0000a66c4948401503de,CIV,CIV.3_1,CÃ´te d'Ivoire,ComoÃ©,,383594.3792219467,
000026df4ecb8fbc35c3,GHA,GHA.10_1,Ghana,Western,,2868026.3613036806,
0000c35f47912db7c5b6,GHA,GHA.2_1,Ghana,Brong Ahafo,,513273.708677152,
0000950f91de922668c8,CIV,CIV.14_1,CÃ´te d'Ivoire,Zanzan,,292561.028482883,
00008053294388014a85,GHA,GHA.9_1,Ghana,Volta,,1633071.8282223875,
00007dd09fb93783d97c,GHA,GHA.1_1,Ghana,Ashanti,,960147.72060605,
0000cc7e8b9a4f17a1d4,GHA,GHA.4_1,Ghana,Eastern,,918035.8103404031,
0000f7f5c50752361d6c,GHA,GHA.3_1,Ghana,Central,,1036670.840157967,
00009a7340ea9f9a76f8,GHA,GHA.5_1,Ghana,Greater Accra,,684146.6397768944,
00000c7405ce08e51702,TGO,TGO.3_1,Togo,Maritime,RÃ©gion Maritime,349141.3771503754,
0000e3df791696cbba8c,BEN,BEN.8_1,Benin,Littoral,,4868.926813170022,
0000a8eddbe2b4857417,BEN,BEN.3_1,Benin,Atlantique,,115060.15033380143,
0000888616bbacfa4bbc,BEN,BEN.9_1,Benin,Mono,,21103.81547806894,
0000bf8d2448e9ed0d55,TGO,TGO.4_1,Togo,Plateaux,RÃ©gion des Plateaux,409813.530274595,
0000ef6418c19db6364a,BEN,BEN.7_1,Benin,Kouffo,Couffo,15776.188311457634,
00004d0b034b83cbcc40,BEN,BEN.10_1,Benin,OuÃ©mÃ©,,27968.686487974723,
00007a53e783ca808e01,BEN,BEN.12_1,Benin,Zou,,25355.118206642186,
00009106634d70aaeb2d,BEN,BEN.11_1,Benin,Plateau,,6853.226148433193,
0000464eb5e9b0693a2f,BEN,BEN.5_1,Benin,Collines,,18929.38175177574,
0000f75b01818ef10c75,TGO,TGO.1_1,Togo,Centre,"RÃ©gion Centrale, RÃ©gion du Centre",97729.0608915932,
0000ea598ff996305f7c,TGO,TGO.2_1,Togo,Kara,RÃ©gion de la Kara,369017.4201273157,
00005adaeb3c2d863410,BEN,BEN.2_1,Benin,Atakora,,239665.05525471474,
000026bb99e27bcda8e6,BEN,BEN.6_1,Benin,Donga,,86661.76384498584,
0000dfdfda48763359e2,BEN,BEN.4_1,Benin,Borgou,,43220.39471525129,
0000faffcfa259c87575,BEN,BEN.1_1,Benin,Alibori,,43118.07508856058,
0000b6540229192ca1b6,NGA,NGA.28_1,Nigeria,Ogun,,985807.3455134259,
0000712fa9c4693c1e70,NGA,NGA.31_1,Nigeria,Oyo,,623675.8002456037,
00008754aea269f091a6,NGA,NGA.24_1,Nigeria,Kwara,,265235.86160444526,
0000cff2cf340fc25c68,NGA,NGA.27_1,Nigeria,Niger,,393121.575301812,
000086db067f7e7fba7a,NGA,NGA.22_1,Nigeria,Kebbi,,249922.65970464173,
0000ade5866d5f103b3e,NGA,NGA.30_1,Nigeria,Osun,,3393485.6862004288,
00009ee63f56e1377cab,NGA,NGA.13_1,Nigeria,Ekiti,,32820.50182560086,
0000e5b6f385e54dee20,NGA,NGA.29_1,Nigeria,Ondo,,814260.0667948163,
000078a6d5139a28657b,NGA,NGA.25_1,Nigeria,Lagos,,233059.1940204475,
0000f25430d07d644919,NGA,NGA.12_1,Nigeria,Edo,,4580309.40477845,
000015f1463bd1f68b4a,NGA,NGA.10_1,Nigeria,Delta,,1237696.1774485726,
00009115dd65a31ef699,NGA,NGA.6_1,Nigeria,Bayelsa,,359416.165470714,
00009184c4657478a4b9,NGA,NGA.33_1,Nigeria,Rivers,,1228465.2226958252,
0000e770a4f2ecd14d9b,NGA,NGA.17_1,Nigeria,Imo,,494017.89812465355,
00004dacbba479e051a8,NGA,NGA.1_1,Nigeria,Abia,,444551.03816293646,
00008ee1c94c90c48916,NGA,NGA.3_1,Nigeria,Akwa Ibom,,444723.08158299816,
000025950f8a4f09b20e,NGA,NGA.4_1,Nigeria,Anambra,,289851.8968736458,
0000e4ad2f108d44f954,NGA,NGA.14_1,Nigeria,Enugu,,646010.8892227096,
000021ade234a37404fd,NGA,NGA.11_1,Nigeria,Ebonyi,,118200.89547485113,
00000edfd9a2dec946f5,NGA,NGA.23_1,Nigeria,Kogi,,297394.51300712803,
0000b99916543198cba5,NGA,NGA.7_1,Nigeria,Benue,,313393.0784036815,
0000d615e344d505bdad,NGA,NGA.19_1,Nigeria,Kaduna,,234519.6667324086,
000068e36c33a400b1bc,NGA,NGA.15_1,Nigeria,Federal Capital Territory,Abuja,524730.3579367474,
000079725cdea9eed340,NGA,NGA.26_1,Nigeria,Nassarawa,,424943.4606136029,
000041ceb852bfc04df8,NGA,NGA.35_1,Nigeria,Taraba,,196714.2895834446,
0000526b9b71ecf80b29,NGA,NGA.32_1,Nigeria,Plateau,,209738.25031992793,
000063fe1d1a23b39d35,NGA,NGA.5_1,Nigeria,Bauchi,,105298.82368194741,
00002e1b6109afe4e5a6,CMR,CMR.6_1,Cameroon,Nord-Ouest,North-West,5084.313941895962,
0000270f8a94f0b1bede,CMR,CMR.9_1,Cameroon,Sud-Ouest,South-West,46414.05119981812,
0000b8d8b4dafdd5cb20,NGA,NGA.9_1,Nigeria,Cross River,,222159.16526047885,
000098adef4a4a4b4374,CMR,CMR.5_1,Cameroon,Littoral,Litoral,186929.948095633,
00001a9f7acc9d636a36,CMR,CMR.8_1,Cameroon,Ouest,West,54232.84905523062,
000025e4597069f682cb,CMR,CMR.2_1,Cameroon,Centre,Central,530153.8290205859,
00001f45d6db090bbc04,CMR,CMR.10_1,Cameroon,Sud,South,489134.7673574064,
00006e537bac334198a5,GNQ,GNQ.3_1,Equatorial Guinea,Bioko Sur,,10938.935754647677,
0000b7fdc0aaa2e865d2,GNQ,GNQ.2_1,Equatorial Guinea,Bioko Norte,,76938.53168839474,
00002773999585dc88f9,STP,STP.1_1,SÃ£o TomÃ© and PrÃ­ncipe,PrÃ­ncipe,,13619.069495334812,
00003df978464a208432,STP,STP.2_1,SÃ£o TomÃ© and PrÃ­ncipe,SÃ£o TomÃ©,,38171.29856072009,
00008a0fa9a54731760c,GNQ,GNQ.6_1,Equatorial Guinea,Litoral,,40006.97080515669,
00007786a6b8d88b1157,GNQ,GNQ.4_1,Equatorial Guinea,Centro Sur,,35684.58221988304,
0000ae383ea50e31a5ea,GNQ,GNQ.5_1,Equatorial Guinea,KiÃ©-Ntem,,17662.422226586765,
00001be814d4348d6623,GNQ,GNQ.7_1,Equatorial Guinea,Wele-Nzas,,60622.49101492073,
0000eecc58c60e2bfd69,GAB,GAB.1_1,Gabon,Estuaire,,213384.51301301742,
00007604878cfa58acee,GAB,GAB.9_1,Gabon,Wouleu-Ntem,Woleu-Ntem,28314.296921284295,
0000f2b17ebd3fdc302b,GAB,GAB.3_1,Gabon,Moyen-OgoouÃ©,,6912.993745023363,
00007134e2b791339504,GAB,GAB.6_1,Gabon,OgoouÃ©-Ivindo,,2176.9029349018547,
000013a1583ca0b59341,GAB,GAB.7_1,Gabon,OgoouÃ©-Lolo,,3705.657984955404,
000041c448437b95f5ec,GAB,GAB.2_1,Gabon,Haut-OgoouÃ©,,20955.78051495552,
0000063786ee96409859,COG,COG.12_1,Republic of Congo,Sangha,,5584.041024963879,
00006b5c161efe44295d,CMR,CMR.3_1,Cameroon,Est,East,274090.9989510071,
000000ac1361b5268e55,CAF,CAF.8_1,Central African Republic,MambÃ©rÃ©-KadÃ©Ã¯,Haute-Sangha|MambÃ©rÃ© KadÃ©i,395.34661734104156,
00000ee5809a36127e9b,CAF,CAF.16_1,Central African Republic,Sangha-MbaÃ©rÃ©,Sangha|Sangha-Ã‰conomique|Sangha M'baÃ©rÃ©,0.0,
000029a251a27e50f87f,COG,COG.7_1,Republic of Congo,Likouala,,497.8117107152939,
000089c112fea7ff3c93,COG,COG.3_1,Republic of Congo,Cuvette-Ouest,,45073.72716110945,
000079303b39afc72ba2,COG,COG.4_1,Republic of Congo,Cuvette,,91874.64632561803,
00000595878e537e44ad,COD,COD.2_1,Democratic Republic of the Congo,Ã‰quateur,,2982.234426498413,
00003974b6f6c2b66948,COD,COD.23_1,Democratic Republic of the Congo,Sud-Ubangi,,384.3957989040543,
00001efd85635b94235a,COD,COD.18_1,Democratic Republic of the Congo,Mongala,,0.0,
0000b4e3f1564d04371a,COD,COD.26_1,Democratic Republic of the Congo,Tshuapa,,2073.011326789856,
0000c93131fce0830cee,COD,COD.25_1,Democratic Republic of the Congo,Tshopo,,68.47882902622223,
0000b1f4aa4fb61d2348,COD,COD.20_1,Democratic Republic of the Congo,Nord-Ubangi,,0.0,
0000a040890be13281d7,COD,COD.1_1,Democratic Republic of the Congo,Bas-UÃ©lÃ©,,0.0,
00001ad59ec040f20dcf,CAF,CAF.3_1,Central African Republic,Basse-Kotto,,0.0,
00001520d603a4543923,CAF,CAF.9_1,Central African Republic,Mbomou,M'Bomou,836.9184020161629,
0000daf335a5637b156f,CAF,CAF.13_1,Central African Republic,Ouaka,,2181.4293978214264,
00007c6081bc29fffecc,CAF,CAF.12_1,Central African Republic,Ombella-M'Poko,Ombella-Mpoko|Ombella-Mpoko|Ombelle Mpoko,17271.871636126318,
00005d43643478cab468,CAF,CAF.7_1,Central African Republic,Lobaye,,0.0,
00003e6190ed677a4eab,CAF,CAF.2_1,Central African Republic,Bangui,,3652.7026980259834,
00006e02d41522947da6,CAF,CAF.15_1,Central African Republic,Ouham,,489.9180405139923,
0000c3db4d2a7c0a750b,CAF,CAF.14_1,Central African Republic,Ouham-PendÃ©,,1358.3658618927002,
00005bf3c3cfea95170f,CAF,CAF.6_1,Central African Republic,KÃ©mo,KÃ©mo-Gribingui|KÃ©mo-Ibingui,301.20482754707336,
0000bcc5b7361d8466f0,CAF,CAF.10_1,Central African Republic,Nana-GrÃ©bizi,Nana-Gribingui|Gribingui|Gribingui-Ã‰conomique|Ibingui|Nana Gribizi,4419.811111211777,
00009d106bf3c7348814,CAF,CAF.5_1,Central African Republic,Haute-Kotto,,38.74386441707611,
000078f95389c40d7aa6,CAF,CAF.1_1,Central African Republic,Bamingui-Bangoran,Bamingui-Bangora|N'DÃ©lÃ©|NdÃ©lÃ©,1157.3089399337769,
000017fa49bf878f0495,CAF,CAF.17_1,Central African Republic,Vakaga,Birao,22523.747230529785,
0000822373c7d739bb1d,TCD,TCD.18_1,Chad,Salamat,,0.0,
0000669ff2dd5fd626c5,TCD,TCD.16_1,Chad,Moyen-Chari,,23144.38757252693,
00005c4bd53a55ca76b7,TCD,TCD.7_1,Chad,GuÃ©ra,Guera|Baguirmi,9901.484580993652,
0000dc4f8859096f9183,TCD,TCD.13_1,Chad,Mandoul,,0.0,
0000e16bba014f27175a,TCD,TCD.12_1,Chad,Logone Oriental,Logone-Oriental,18099.251672506332,
0000acef020b7017401c,TCD,TCD.11_1,Chad,Logone Occidental,Logone-Occidental,6774.663576364517,
00003e7e5c9b2223d7ed,TCD,TCD.20_1,Chad,TandjilÃ©,Tandjile,555.9396332502365,
0000b4384a316e0e38e0,TCD,TCD.4_1,Chad,Chari-Baguirmi,,18650.125479507915,
000059cfee45c012798d,TCD,TCD.14_1,Chad,Mayo-Kebbi Est,,1710.1592735332601,
000098ab3a5abe215e6d,TCD,TCD.15_1,Chad,Mayo-Kebbi Ouest,,3744.1978308558464,
00003af4f9497d8f16c6,CMR,CMR.4_1,Cameroon,ExtrÃªme-Nord,Extreme-North,167380.41296329966,
00007c35f4157aa5ba83,CMR,CMR.7_1,Cameroon,Nord,North,29891.848715553566,
0000ada3abdf7978211d,CMR,CMR.1_1,Cameroon,Adamaoua,Adamoua|Adamaua|Adamawa,30672.544329166412,
000046b4e30b2e3200e3,CAF,CAF.11_1,Central African Republic,Nana-MambÃ©rÃ©,Bouar-Baboua|Buar-Baboua|Nana NambÃ©rÃ©,374.1564818620682,
00000867a59d56218d59,NGA,NGA.2_1,Nigeria,Adamawa,,164174.21824776146,
000073643076e8624903,NGA,NGA.8_1,Nigeria,Borno,,136810.9810088277,
000009270cb3ea6b09f7,NGA,NGA.16_1,Nigeria,Gombe,,129687.10235720873,
0000b23f872544d8fbf4,NGA,NGA.36_1,Nigeria,Yobe,,175800.82825002074,
00001dc71b8047efc22f,NER,NER.2_1,Niger,Diffa,,16173.809345543385,
00006681547ff8353236,NER,NER.8_1,Niger,Zinder,,21046.513109646825,
000020579476e8fc7563,TCD,TCD.10_1,Chad,Lac,,0.6277777552604675,
0000b9fc837d7ca3cf54,TCD,TCD.8_1,Chad,Hadjer-Lamis,,2511.9113003611565,
00007ab78b732c2af994,TCD,TCD.9_1,Chad,Kanem,,213.7448045015335,
0000acf66acc0cd20e98,TCD,TCD.1_1,Chad,Barh el Ghazel,,3769.4499142169952,
00009570f0b01a3a9075,TCD,TCD.22_1,Chad,Ville de N'Djamena,N'Djamena,39754.60286417311,
0000fd665106236d84ac,TCD,TCD.2_1,Chad,Batha,,0.0,
000039b02c55bd96ec33,TCD,TCD.19_1,Chad,Sila,,4792.735136985779,
000019d7bb4523a554e0,SDN,SDN.4_1,Sudan,Central Darfur,Zalingei,11849.53130700822,
00000db0de341657ccbf,SDN,SDN.16_1,Sudan,West Darfur,DÄrfÅ«r al GharbÄ«yah|Gharb DÄrfÅ«r,53749.28226361041,
0000aba16bfdbc7762f5,TCD,TCD.17_1,Chad,OuaddaÃ¯,Ouaddai|OuadaÃ¯,631.2458420991898,
0000ac555ceadbca493a,TCD,TCD.23_1,Chad,Wadi Fira,Biltine,22829.37813961506,
0000c527587703b8d914,TCD,TCD.3_1,Chad,Borkou,Borkou,0.0,
0000e2a2691bad497596,TCD,TCD.6_1,Chad,Ennedi Ouest,,0.0,
0000616bfaf1685914e3,TCD,TCD.5_1,Chad,Ennedi Est,,609.9551708698273,
000072b78f2a0fbc9dba,LBY,LBY.6_1,Libya,Al Kufrah,al-Kufra|Kufra|Kofra|Cufra,27849.380616754293,
0000225b57fcce60d28e,TCD,TCD.21_1,Chad,Tibesti,,0.0,
00004b1e7457bc4c7322,NER,NER.1_1,Niger,Agadez,AgadÃ¨s,157024.28294309974,
0000ab8f0af795ee1bc1,DZA,DZA.41_1,Algeria,Tamanghasset,Tamanrasset|Tamenghasset|Tamenghest|Fort Laperrine,141613.87672323972,
000079b624a9c01dd811,NER,NER.6_1,Niger,Tahoua,,152508.27769213915,
000073023c8fcb4586e2,NER,NER.4_1,Niger,Maradi,,17157.15170252323,
0000d86aa1085ab294b8,NGA,NGA.18_1,Nigeria,Jigawa,,126750.73706591346,
0000723d38fb21273cc9,NGA,NGA.20_1,Nigeria,Kano,,189580.89197525167,
0000610b5ea69a267710,NGA,NGA.21_1,Nigeria,Katsina,,93709.9428193613,
0000d94d8a3f00e63790,NGA,NGA.34_1,Nigeria,Sokoto,,148284.28567990538,
0000012b8844096096cb,NGA,NGA.37_1,Nigeria,Zamfara,,60929.2429523319,
00008f769bcd71d9168b,NER,NER.7_1,Niger,TillabÃ©ry,TillabÃ©ri,238060.62277369777,
0000ebf638a08a7e99f6,NER,NER.3_1,Niger,Dosso,,40393.46079093218,
00004e20811d771dfc39,NER,NER.5_1,Niger,Niamey,,35956.348613346774,
00006d54606fae2ab48b,DZA,DZA.33_1,Algeria,Ouargla,Wargla,261247.6700819748,
000032eaad687ee5d47a,DZA,DZA.22_1,Algeria,Illizi,Polignac|Fort Polignac|Ilizi,58337.91745237831,
000045bd7f6e424ee3b6,LBY,LBY.14_1,Libya,Ghat,Gat,427814.2356219004,
00000666f5049f471c75,LBY,LBY.22_1,Libya,Wadi ash Shati',Wadi Al Shatii|Shati|Wadi ash-Shati'| WÄdÄ« aÅ¡ Å Äá¹­i'| AÅ¡ Å Äá¹­i',134128.33544210618,
0000251b3b814e8b4c40,LBY,LBY.17_1,Libya,Nalut,NÄlÅ«t|Nalut LalÅ«t,94099.16852546415,
0000d8a5d00b3984a451,TUN,TUN.21_1,Tunisia,Tataouine,Foum Tataouine|Tatahouine|Tatuine|TaÅ£ÄwÄ«n,58545.890721868054,
00005a323f59aa68627a,DZA,DZA.18_1,Algeria,El Oued,El Ouadi|El Wad,212373.30208312508,
0000638ca12d418af567,TUN,TUN.10_1,Tunisia,Kebili,Kebilli|Qbili|QibilÄ«,86007.33531968716,
0000600e936d1cf4d96a,TUN,TUN.5_1,Tunisia,GabÃ¨s,QÄbis|GabÄs,34835.152717492485,
00009b68f023a9d83a6d,TUN,TUN.14_1,Tunisia,MÃ©denine,MadanÄ«yÄ«n|MadanÄ«n|Medenin,171971.8492535041,
000077cb5b6e52d1523e,TUN,TUN.6_1,Tunisia,Gafsa,Gafá¹£ah|Qafá¹£ah,53792.48732952277,
0000ecc0283050adfab3,TUN,TUN.22_1,Tunisia,Tozeur,Tawzar|Touzar|TÅ«zar,33299.06193506356,
0000ed58bb4c157a03d5,DZA,DZA.42_1,Algeria,TÃ©bessa,Tbessa,112923.12595068938,
0000ce71371588120c0b,DZA,DZA.24_1,Algeria,Khenchela,Khenchela,99405.66980154594,
0000dc15b0a6faf9b3df,DZA,DZA.9_1,Algeria,Biskra,Beskra,168048.6614889845,
0000e12cf1ae0d51448a,DZA,DZA.16_1,Algeria,Djelfa,El Djelfa,172777.53374487557,
0000c27c4952db688c5f,DZA,DZA.25_1,Algeria,Laghouat,,90318.17590335445,
0000b688dfb6c128e5bf,DZA,DZA.20_1,Algeria,GhardaÃ¯a,GhardaSa|Gharday,144642.8265778192,
0000bbea01cd13303cf0,DZA,DZA.26_1,Algeria,M'Sila,Msila,367453.3023764932,
0000943b12b8c39b3cc1,DZA,DZA.43_1,Algeria,Tiaret,Tendouf|Tihert,130548.67886559087,
0000dc32ed271907eadf,DZA,DZA.35_1,Algeria,Relizane,Ghelizane|Ghilizane,322167.6986872079,
00003a746016ffd32728,DZA,DZA.14_1,Algeria,Chlef,El Asnam|OrlÃ©ansville|Ech Cheliff,443853.4422512124,
000094fef22cbfa30171,DZA,DZA.46_1,Algeria,Tissemsilt,Vialar,76214.71146635005,
0000e643484d37b3de29,DZA,DZA.2_1,Algeria,AÃ¯n Defla,Ain Dafla,335388.41515978845,
00007942eaae7537625b,DZA,DZA.45_1,Algeria,Tipaza,Tibaza| Tefessedt,145859.43296754957,
00009c8d53095e02ad48,DZA,DZA.28_1,Algeria,MÃ©dÃ©a,El Mediyya|Lemdiyya,404078.16615039663,
0000fd92a0984f8894cc,DZA,DZA.6_1,Algeria,Batna,,497650.4493326032,
000097566aa1aa72faab,DZA,DZA.11_1,Algeria,Bordj Bou ArrÃ©ridj,Borjbouarirej|Bordi Bou Arreridj,316030.69087629166,
0000abed7ab41e008a53,DZA,DZA.37_1,Algeria,SÃ©tif,Stif,768125.5370643975,
00007390ac61ad72879a,DZA,DZA.12_1,Algeria,Bouira,,388978.71155836113,
0000502c37f0d0f0c8fa,DZA,DZA.47_1,Algeria,Tizi Ouzou,Tizi-ouzou|Tizi Wezzu,536246.6801131491,
0000976df98db45d0aae,DZA,DZA.8_1,Algeria,BÃ©jaÃ¯a,Bougie|Bedjaya|Bidjaia|Bugia|Bujia,383389.959857449,
0000afbe9b4e6287b790,DZA,DZA.13_1,Algeria,BoumerdÃ¨s,Boumerdas,229194.01736543616,
000086624089902bb150,DZA,DZA.4_1,Algeria,Alger,Algeri|Algiers|Algier|al-Jazair|al-Djazair|El DjazaÃ¯r|Argel|Dzayer|DjezaÃ¯r,21741.694621585168,
00005d867b16841d08f3,DZA,DZA.10_1,Algeria,Blida,El BoulaÃ¯da|Al-Boulaida,122022.47299347835,
0000d85ec622a343b2e0,TUN,TUN.16_1,Tunisia,Nabeul,Cap Bon|Nabil|NÄbol|NÄbul,238776.9162977573,
00005a18aaf54dfbc4c0,TUN,TUN.23_1,Tunisia,Tunis,Tounis|Tunis City|TÅ«nus|TÃºnez|TÃºnis|Tunisi|TÅ«nis,7749.278585074695,
000008af31f7681b08b3,TUN,TUN.1_1,Tunisia,Ariana,Al AryiÄnah|L'Ariana|Tunis Ariana|Al AryÄnah,22909.337376149146,
0000ccbeb18d65d60dde,TUN,TUN.4_1,Tunisia,Bizerte,BanzartBanzart|Bensert|Binzart|Biserta|Bizerta,100363.51781701305,
0000e1fb3aee3a85f643,TUN,TUN.13_1,Tunisia,Manubah,,52608.509152408216,
0000458454fa012d081e,TUN,TUN.2_1,Tunisia,BÃ©ja,BÄjah|BÃ©ja,46170.03918057026,
00006b8fb69094d00003,TUN,TUN.7_1,Tunisia,Jendouba,JendoÃ»bah|Jenduba|Jondouba|JundÅ«bah|Souk-El-Arba|Dschunduba,102013.4372364659,
000078cd8b8ffc710d42,DZA,DZA.39_1,Algeria,Skikda,Philippeville|Skidda,313950.60594964394,
0000d894ba64acb67cc0,DZA,DZA.5_1,Algeria,Annaba,Anaba|Bona|BÃ´ne,89997.5409177603,
0000b2c85ad8beac27af,DZA,DZA.19_1,Algeria,El Tarf,Et Tarf|El Taref,195229.89026150544,
0000d19162bca6986ba8,DZA,DZA.21_1,Algeria,Guelma,,177700.11230739835,
0000f175f373f193e08a,DZA,DZA.40_1,Algeria,Souk Ahras,Souk-Ahras|Souq Ahras,134920.06914983486,
000085154b54465b369f,DZA,DZA.34_1,Algeria,Oum el Bouaghi,Oum el Bouagui|Canrobert,205055.9808585289,
0000dc73e5470e0d33db,DZA,DZA.15_1,Algeria,Constantine,Constantina|Costatina|Qoussantina|Qacentina,113003.03197097951,
000033406c7bf6d23640,DZA,DZA.29_1,Algeria,Mila,,389262.64041477465,
00001df1331d4cea59d1,DZA,DZA.23_1,Algeria,Jijel,Djidjel| Djidjelli,192752.45399884792,
0000afa6291168a7398b,TUN,TUN.9_1,Tunisia,KassÃ©rine,Al Qaá¹£rayn|Al Gaá¹£rÄ«n|Al Qasrin|Kasserim|Al Qaá¹£rayn|Sbeitla,104538.13765651775,
000048fb9a8564a20609,TUN,TUN.18_1,Tunisia,Sidi Bou Zid,SÄ«dÄ« BÅ« Zayd|Qamudah|Sidi BoÃ» Sa`Ã®d|Sidi Buzid|Sidi BÅ« Sa`Ä«d|SÄ«dÄ« BÅ« Zayd|Sidi Bu Said,113287.85855435465,
000052368a896a7f5072,TUN,TUN.11_1,Tunisia,Le Kef,Al KÄf|El Kef|Kaf|Kef,47066.61626445101,
00009d52215827d48410,TUN,TUN.19_1,Tunisia,Siliana,SiliÄnah|SilyÄnah,32417.937654308473,
00003a1c0f3cd322bad3,TUN,TUN.8_1,Tunisia,Kairouan,Al QayrawÄn|Al QÄ«rwÄn|QairouÃ¢n|KairuÃ£|Kairouwan,140786.88937947128,
0000dda381b4116f31af,TUN,TUN.24_1,Tunisia,Zaghouan,Tunis South|Zachouan|Zaguan|ZaghwÄn|Saghuan,47677.20940704767,
0000533b7744e5d65c0e,TUN,TUN.20_1,Tunisia,Sousse,Sousa|Sussa|Susse|Susa|SÅ«sah,122966.92637920575,
0000f977e586c7bc0a45,TUN,TUN.3_1,Tunisia,Ben Arous (Tunis Sud),Bin `ArÅ«s|Ben Arous|Tunis Ben Arous,42382.67376531765,
0000ec95125f740ee3e6,TUN,TUN.12_1,Tunisia,Mahdia,Al MadÄ«yah|Al Mahdiyya|MahdiÃ¢h,179805.8891797475,
0000e898bbff0a99c744,TUN,TUN.15_1,Tunisia,Monastir,Al MunastÄ«r,83414.79326262228,
0000b82b524198aef51f,TUN,TUN.17_1,Tunisia,Sfax,SafÄqis|á¹¢afÄqis|á¹¢fÄqis,186496.7175795875,
0000381f75be62bf43a4,LBY,LBY.7_1,Libya,Al Marj,Marj|Al MarÇ§,82321.6913425939,
00001d96419fc91c9055,LBY,LBY.2_1,Libya,Al Jabal al Akhdar,Jabal al Akhdar|Jabal al-Akhá¸ar|Jebel el-Akhdar,125353.22799764312,
000011a0c02ffd8b896a,LBY,LBY.13_1,Libya,Darnah,Darana|Darna|Derna,104795.98145796714,
000028144fa79de53464,LBY,LBY.9_1,Libya,Al Wahat,Al Wahat|Al Wahad|Al Wahah|Al WÄá¸¥Ät,344582.0850832537,
00003afbd1c06be05d43,LBY,LBY.12_1,Libya,Benghazi,BanghÄzÄ«,321111.99952933786,
0000bdeb96b948f29a31,LBY,LBY.19_1,Libya,Surt,Sirte|Sirt,140027.28177029456,
0000e6436db48eb16362,LBY,LBY.5_1,Libya,Al Jufrah,Jufra|Jofra|,81295.91570505325,
0000877614ca33f22e0b,LBY,LBY.15_1,Libya,Misratah,Misrata|Miá¹£rÄtah|MÉ™á¹£rÄtah,213077.64906187268,
000009f66e61d0190757,LBY,LBY.8_1,Libya,Al Marqab,Murqub|Al Murgub| al-Morqib,427579.1969739488,
000041cab414af661d7b,LBY,LBY.3_1,Libya,Al Jabal al Gharbi,Al Ç¦abal al Gharbi,276723.3909161568,
0000eee7b89ae21c6168,LBY,LBY.20_1,Libya,Tripoli,Tripoli|Shab'iyaáº— á¹¬arÄbulus,328994.9839506624,
000095b905c14143b22c,LBY,LBY.4_1,Libya,Al Jifarah,Jafara|Al Jfara|Al Jfara|Al `Aziziyah|al-Ghifara|Al `Aziziyah,215883.80945693434,
00008aa6dd664768d200,LBY,LBY.11_1,Libya,Az Zawiyah,Az ZÄwiya|Zawiya,183096.817577157,
0000284de301cc667747,LBY,LBY.10_1,Libya,An Nuqat al Khams,an-Niqat al-Hams|Nigat al Khums,235711.28793069732,
00002902c83ecfb4e8c1,LBY,LBY.18_1,Libya,Sabha,Sabhah|Sebha|SabhÄ,187428.54191195965,
0000fd46ff6c275add0b,LBY,LBY.16_1,Libya,Murzuq,,1597472.9405946152,
0000ad24f7fcfd9bf162,LBY,LBY.21_1,Libya,Wadi al Hayat,Wadi Al Hayaa|WÄdÄ« al á¸¤ayÄh,105162.70669835104,
0000057b9c0420c9317a,SDN,SDN.10_1,Sudan,Northern,Ash ShamÄlÄ«|Ash ShamÄlÄ«yah|Nord,1591439.2595705986,
000059cbea3af4c852b2,EGY,EGY.14_1,Egypt,Al Wadi al Jadid,Al Wadi/Al Jadid|El-Wadi El-Gidid|New Valley|Novo Vale|OuÄdi El GuedÄ«d|Southern Desert,177435.93741730804,
0000602aedb01676f96a,EGY,EGY.17_1,Egypt,Aswan,Assouan|AssuÃ£|AssuÃ¡n|Syene,537571.024266294,
0000016e4e3839efab03,SDN,SDN.12_1,Sudan,River Nile,"an NÄ«l, Nahr an NÄ«l| Nil| Nile| Nile River|Nilen|Nilo",459289.22227337956,
000080ea394c2da75db6,SDN,SDN.11_1,Sudan,Red Sea,Baá¸¥r al Aá¸¥mar|Mar Rojo|Mar Rosso|Mar Vermelho|Mer Rouge|RÃ¶da havet|RÃ¸dehavet|Rotes Meer,612059.4182408608,
0000daf0b55560406d33,EGY,EGY.2_1,Egypt,Al Bahr al Ahmar,Mar Rojo|Mar Vermelho|Mer Rouge|Red Sea,296841.2577452189,
0000736da51ad6e8f174,EGY,EGY.10_1,Egypt,Al Minya,Minia|Minieh|Menia|Minya,830931.242453435,
00005c3acf34cb8adc41,EGY,EGY.8_1,Egypt,Al Jizah,El Giza|El GÄ«zah|Gizeh|Giza|GuizÃ¨h,885474.5384926782,
00007a36cd47ea016647,EGY,EGY.18_1,Egypt,Asyut,Asyiut|Assiout|Assiut|Assyut|Asyout,434914.7254363396,
00003f3b2f6065fc153f,EGY,EGY.27_1,Egypt,Suhaj,Girga|Girgeh|SawhÄj|Sohag|Suhag,329415.7425993405,
00009f94b6cd3248c833,EGY,EGY.25_1,Egypt,Qina,Kena|Qena|Quena,649131.4490427441,
0000bed240f0d51a9f50,EGY,EGY.13_1,Egypt,Al Uqsur,Luxor,73331.80791422036,
0000d897e0926d3461dc,EGY,EGY.19_1,Egypt,Bani Suwayf,Beni Suwayf|Beni Souef|Beni Suef,534389.2937780545,
0000da0292bb4103d0d5,EGY,EGY.22_1,Egypt,Janub Sina',Janub Sina|Sina al-Janubiyah|Sina' al-JanÅ«bÄ«yah|Sinai al JanÅ«bÄ«a|South Sinai|Sud SinaÄ«,143840.53890149546,
00004cd919185208d2d9,EGY,EGY.26_1,Egypt,Shamal Sina',Shamal Sina|Nord SinaÃ¯|North Sinai|Sina ash-ShamÄlÄ«yah|Sinai ash ShamÄlÄ«ya,294999.1804696532,
0000291acba6eb93d87f,EGY,EGY.15_1,Egypt,As Suways,El Suweiz|Es Suweis|Suez,147543.97475969745,
0000c2a5b14a32848ce0,EGY,EGY.11_1,Egypt,Al Qahirah,Cairo|El Cairo|El Qahira|Le Caire,501007.12025712244,
000082efa8c0a9d5b916,EGY,EGY.7_1,Egypt,Al Isma`iliyah,As Ismailiyah|Ismailia|IsmaÃ¯lia|Isma'iliya,334125.5487164316,
0000dfb0c9d9153d89b0,EGY,EGY.16_1,Egypt,Ash Sharqiyah,Charkieh|Sharqia|SharqÄ«ya|Sharquia|Sharkia,932002.0969827913,
0000379abf4b5cda2f04,EGY,EGY.12_1,Egypt,Al Qalyubiyah,Caliubia|Kalioubieh|Kalioubiya|Qaliyubia|Qalyubiya|Kalyoubia|Kalyubia,166872.38955439342,
00009a5601ae0a02f01b,EGY,EGY.9_1,Egypt,Al Minufiyah,Menoufieh|Menufia|MenÅ«fÄ«ya|MinÅ«fÄ«ya|Munufia|Menoufia|Minufia,185070.20288569693,
00000df60cc8c2e69d50,EGY,EGY.3_1,Egypt,Al Buhayrah,Beheira|Behera|El Buhayra|BÃ©hÃ©ra,1522143.240884718,
00003b192963e9e0654f,EGY,EGY.4_1,Egypt,Al Fayyum,El Faiyum|el Fayoum|Faium|FaiyÅ«m|Fayum|Fayoum|Fayyum,858792.7265887036,
0000b56e6ffe6786c6eb,EGY,EGY.24_1,Egypt,Matrouh,MarsÄ MatrÅ«h|Mersa Matruh|Western Desert|Matrouh,285427.39380946156,
00008001ac5c81c258fc,EGY,EGY.6_1,Egypt,Al Iskandariyah,Alexandria|Alexandrie|El Iskandariya,463324.55399542395,
000063715c2dfbc7e237,LBY,LBY.1_1,Libya,Al Butnan,Tobruk|Tubruq|Butnan,226019.72585035657,
000070396929a610e747,EGY,EGY.5_1,Egypt,Al Gharbiyah,al-GarbÄ«yah|El Gharbiya|Garbia|Gharbieh|GharbÄ«ya|Gharbia,284070.5587193853,
0000fd4ce439fe62c1ea,EGY,EGY.23_1,Egypt,Kafr ash Shaykh,Kafr-El-Sheikh|Kafr ash Shaikh|Kafr ash-Shayk|Kafr el Sheik|Kafr el Sheikh,696666.2356502094,
0000e95159561751cd31,EGY,EGY.1_1,Egypt,Ad Daqahliyah,Al Daqahliyah|Dacahlia|Dagahlia|Dakahlieh|Dakahliya|Dakalieh|DaqalÄ«ya|Dakahlia|Dekahlia,602822.2188266097,
00009b4ffa61f5b96516,EGY,EGY.21_1,Egypt,Dumyat,Damietta|Damiette|DumiÄt,150576.18604443732,
0000efbef851a12a3e55,EGY,EGY.20_1,Egypt,Bur Sa`id,Bur Said|Canal|Port Said|Port-SaÃ¯d,72106.3206516716,
0000ae87123dd27079fb,ERI,ERI.3_1,Eritrea,Debubawi Keyih Bahri,Southern Red Sea|Debubawi Keyh Bahri|Debub-Keih-Bahri|al-Bahru al-Ahmaru al-Janubi,714.5309047790136,
0000e79b9f8dc899fcbc,ERI,ERI.2_1,Eritrea,Debub,Southern|al-Janubiyah,130027.8547827342,
00009f1cae33709c41a1,ETH,ETH.11_1,Ethiopia,Tigray,TegrÃ©|Tigrai|Tigre,435666.2237629389,
0000ff47f983bc2eaa6c,ETH,ETH.2_1,Ethiopia,Afar,,105334.39312528512,
0000818b3229b89b43c3,DJI,DJI.5_1,Djibouti,Tadjourah,Tadjoura,55850.08484282587,
000066648d934d7f71cb,DJI,DJI.4_1,Djibouti,Obock,,11545.279939074142,
00005c63b32e9de4cd40,YEM,YEM.1_1,Yemen,`Adan,Aden,169296.74111636722,
0000295fcf6cc847441c,DJI,DJI.3_1,Djibouti,Djibouti,,129241.1435869451,
000080cd0e9ec710999d,DJI,DJI.1_1,Djibouti,Ali Sabieh,`Ali SabÃ®h,2696.445637718135,
00008a651976f0ae9449,DJI,DJI.2_1,Djibouti,Dikhil,Dikkil,57038.21292310486,
000077e4edf133908ae4,SOM,SOM.1_1,Somalia,Awdal,Adal | Adel,14662.72110170009,
0000b9c0a04df12e9a5e,ETH,ETH.9_1,Ethiopia,Somali,Sumale,264881.30703494383,
0000f81a8204cd1d48c4,SOM,SOM.18_1,Somalia,Woqooyi Galbeed,North-West| W.Galbeed| Woqooyi Gelbeed,116831.87735832883,
00003ddf78c5ec81b406,SOM,SOM.17_1,Somalia,Togdheer,Tog-Dheer| Togdheer| Togder,28176.439672589302,
0000da7b6a15b51d1436,ETH,ETH.8_1,Ethiopia,Oromia,Oromiya,537257.4990462768,
00008196d831a3f551f8,ETH,ETH.5_1,Ethiopia,Dire Dawa,,7561.914578978104,
00000bbd4719918b9bc1,ETH,ETH.7_1,Ethiopia,Harari People,Hareri,12353.106436137592,
000002735c556a4a04f4,ETH,ETH.3_1,Ethiopia,Amhara,Amara,219998.95107299628,
0000c99cbfa4aac967f1,ETH,ETH.10_1,Ethiopia,"Southern Nations, Nationalities and Peoples",SNNPR,302832.15063932026,
000064ff29c9f2b143bb,ETH,ETH.1_1,Ethiopia,Addis Abeba,Ä€ddÄ«s Ä€baba|Addis Ababa|Adis-Abeba|Ä€dÄ«s Ä€beba,35366.868027115815,
00007f05a0c8c1b446ff,ETH,ETH.4_1,Ethiopia,Benshangul-Gumaz,Beneshangul Gumu,17090.923193073275,
0000ae767a0f45156b05,SDN,SDN.3_1,Sudan,Blue Nile,An NÄ«l al Azraq|Nil Bleu|Nilo Azul,694678.7689805133,
0000fa5bacc49050b26f,SDN,SDN.13_1,Sudan,Sennar,Sinnar,806954.4587854025,
0000ab836fe10d80c524,SDN,SDN.2_1,Sudan,Al Qadarif,Gedarif|Gadarif|Gedaref|Gederaf,898840.1184719801,
0000735e03ccdeff43dc,SDN,SDN.6_1,Sudan,Kassala,Cassala|Kessala,247548.16010332108,
00004e31f6720c4ca5fc,ERI,ERI.4_1,Eritrea,Gash Barka,Gash-Barka|al-Qash wa-Barka|Debubawi Gash Barka,82769.34139966965,
0000cecdd387b0c4423c,ERI,ERI.5_1,Eritrea,Maekel,Central|al-Markaziyah|Maakel|Maekelay|Ma'kil|Makelay,85192.00097453594,
000016e7bed6e7290df2,ERI,ERI.1_1,Eritrea,Anseba,Ansaba|A'Nseba,373678.3509788513,
00007aaaa891b2855980,ERI,ERI.6_1,Eritrea,Semenawi Keyih Bahri,Northern Red Sea|al-Bahru al-Ahmaru ash-Shimali|Semenawi Keyh Bahri|Semien-Keih-Bahri,46187.748998880386,
0000bf6ded5fa2c555b2,SDN,SDN.7_1,Sudan,Khartoum,Al KharÅ£Å«m| Al KhurÅ£Å«m| Cartum|Jartum| Khartum,3513401.2909578653,
0000f84f4a1b81e97b06,SDN,SDN.1_1,Sudan,Al Jazirah,Gezira,786891.0429896475,
0000977481f539399c43,SDN,SDN.18_1,Sudan,White Nile,An Baá¸¥r al Abyad|An NÄ«l al-Abyad|Nil Blanc|Nilo Branco,1307923.8938594104,
0000c65d8bdb4c8cdd57,SDN,SDN.9_1,Sudan,North Kurdufan,KurdufÄn ash ShamÄlÄ«yah|ShamÄl KurdufÄn|North Kordofan|Kordofan septentrional,81084.30497723643,
0000909cbb0668c1a69f,SDN,SDN.8_1,Sudan,North Darfur,DÄrfÅ«r ash ShamÄlÄ«yah| ShamÄl DÄrfÅ«r| Darfur septentrional,27036.96552014351,
0000660a84f04ff6ab2e,SDN,SDN.17_1,Sudan,West Kurdufan,Gharb KurdufÄn| Gharb Kurdufun| KurdufÄn al GharbÄ«yah| Western Kordofan,163181.38963902334,
0000cc9aed68e90d14f7,SDN,SDN.5_1,Sudan,East Darfur,,12523.492259337856,
0000e0a9cfc000769b32,SDN,SDN.14_1,Sudan,South Darfur,DÄrfÅ«r al JanÅ«bÄ«yah| JanÅ«b DÄrfÅ«r| Darfur mÃ©ridional| Southern Darfur,41410.068594025164,
000058c49a8442a7e059,SSD,SSD.9_1,South Sudan,West Bahr-al-Ghazal,Bahr al-GhazÄl al GharbÄ«yah|Gharb Bahr al-GhazÄl |Bahr el-Ghazal occidental| Western Bahr el Ghazal,182.0194477081299,
0000f3258289338b85c1,SSD,SSD.5_1,South Sudan,North Bahr-al-Ghazal,North Bahr-al-Gazal| North Bahr el Ghazal| Shamal Bahr al Ghazal,2967.2823981046677,
00008c3031ef99a17707,SSD,SSD.6_1,South Sudan,Unity,Al-Wahdah| Wahda,3691290.4001609683,
0000b7270d8a658d76f9,SDN,SDN.15_1,Sudan,South Kurdufan,Southern Kordofan|South Kordufan|JanÅ«b KurdufÄn|Janub Kurdufun|KurdufÄn al JanÅ«bÄ«yah|Kordofan mÃ©ridional,65444.96120139372,
000061b77b7d1b67df83,SSD,SSD.3_1,South Sudan,Jungoli,Jonglei| Jonglie| Jonqley| Junglei| JunqalÄ«| Jongley,4902.839954853058,
0000d282d12eb42c340d,SSD,SSD.7_1,South Sudan,Upper Nile,Upper Nile|Sobat|a`Ä€lÄ« an NÄ«l|Nil supÃ©rieur,4417294.164761692,
0000a0aa897afbe9479a,ETH,ETH.6_1,Ethiopia,Gambela Peoples,Gambela,8777.85111451149,
0000259b25670027a887,SSD,SSD.2_1,South Sudan,Eastern Equatoria,Al IstiwÄ'Ä«yah ash SharqÄ«yah| Sharq al IstiwÄ'Ä«yah| Ã‰quatoria oriental,5403.021727068284,
0000d5c43dd5710bc254,KEN,KEN.43_1,Kenya,Turkana,,123214.95750379562,
0000aa19b6883ff761d3,UGA,UGA.28_1,Uganda,Kotido,,0.0,
0000d66cba74b48b8fa8,SSD,SSD.1_1,South Sudan,Central Equatoria,Bahr el Gabel| Bahr-al-Jabal,45126.87483531237,
00003a858435c097ed22,SSD,SSD.4_1,South Sudan,Lakes,,42668.29867756367,
00003194b65cfd22eb1e,SSD,SSD.10_1,South Sudan,West Equatoria,Al IstiwÄ'Ä«yah al GharbÄ«yah|Gharb al IstiwÄ'Ä«yah| Ã‰quatoria occidental,7.966075539588928,
00001fa50e58b0fb9a4a,COD,COD.5_1,Democratic Republic of the Congo,Haut-UÃ©lÃ©,,11545.155258595943,
0000e10ea8096e028189,SSD,SSD.8_1,South Sudan,Warap,Warab|Warrab,1103.2034517288207,
0000cd1cf1a2cd935114,CAF,CAF.4_1,Central African Republic,Haut-Mbomou,Haut-M'bomou|Obo-Zemio,6.666666865348816,
00008daca10b1b847f04,COD,COD.6_1,Democratic Republic of the Congo,Ituri,,2728.3028765916824,
0000a488386fdb660354,COD,COD.19_1,Democratic Republic of the Congo,Nord-Kivu,,981437.226966427,
0000fb40d87511af6ceb,UGA,UGA.5_1,Uganda,Bundibugyo,,790.2653970718384,
0000ace61fdebbf7e6c1,UGA,UGA.13_1,Uganda,Kabarole,,54789.9414203763,
00001a00ddbc42d2c157,UGA,UGA.21_1,Uganda,Kasese,,109443.7567702076,
0000eb8589fc7864f6f4,UGA,UGA.18_1,Uganda,Kamwenge,,0.0,
00004c268e75c1eec3c0,UGA,UGA.39_1,Uganda,Mbarara,,41776.77986186743,
00007099f2f7724a5832,UGA,UGA.30_1,Uganda,Kyenjojo,,1824.7788008451462,
0000be76e9363db40300,UGA,UGA.53_1,Uganda,Sembabule,,3539.6048976182938,
00008abef4ad8a310df7,UGA,UGA.43_1,Uganda,Mubende,,32775.918607048196,
000092a87d4063a9fb4a,UGA,UGA.35_1,Uganda,Masaka,,79737.59853768349,
0000786e6549db9ba87f,UGA,UGA.42_1,Uganda,Mpigi,,36885.55507950665,
0000a75ac2f51446647f,UGA,UGA.24_1,Uganda,Kibale,Kibaale,2864.3742238879204,
0000c2f829be0f913e59,UGA,UGA.25_1,Uganda,Kiboga,,697.7394347190857,
0000423cbdf24388a46a,UGA,UGA.31_1,Uganda,Lake Albert,,0.0,
0000290eac099342fb8a,UGA,UGA.9_1,Uganda,Hoima,,9297.882536530495,
0000746ee8a0d475e55b,UGA,UGA.36_1,Uganda,Masindi,,50569.02010338061,
0000e1a1d0ee891201fa,UGA,UGA.3_1,Uganda,Arua,,1407.0183011889458,
000074b5eb36f8aad5b2,UGA,UGA.58_1,Uganda,Yumbe,,509.96447491645813,
0000aecc4df63893d820,UGA,UGA.41_1,Uganda,Moyo,,0.0,
0000a4e1377e71e30a8d,UGA,UGA.1_1,Uganda,Adjumani,,0.0,
000064d014a1fd2425c8,UGA,UGA.8_1,Uganda,Gulu,,10107.479625276726,
00008dcd94e4f0fd2f14,UGA,UGA.47_1,Uganda,Nebbi,,0.0,
0000edef51b4563e00b8,UGA,UGA.2_1,Uganda,Apac,,259.75789449074693,
0000b6bd3f70328543e9,UGA,UGA.33_1,Uganda,Lira,,24814.509649157524,
0000b4e1681723efdfab,UGA,UGA.49_1,Uganda,Pader,,1.5825121150297277,
00007c611363482dd828,UGA,UGA.27_1,Uganda,Kitgum,,393.0775654911995,
00000ae08373e164040a,UGA,UGA.40_1,Uganda,Moroto,,51.4961975812912,
0000c680b17e2ba4e072,UGA,UGA.22_1,Uganda,Katakwi,,0.0,
0000708f65cbbc2a55e9,UGA,UGA.45_1,Uganda,Nakapiripirit,,0.0,
000005cfe8b0ebc7fe61,UGA,UGA.29_1,Uganda,Kumi,,2155.265081882477,
000087e8f9334e9b78ea,UGA,UGA.55_1,Uganda,Soroti,,7560.129629611969,
0000f9b94319dc11560a,UGA,UGA.54_1,Uganda,Sironko,,0.0,
00007ba75d9c81d5d7d5,UGA,UGA.20_1,Uganda,Kapchorwa,,0.0,
0000322c657a2f8b3a8a,UGA,UGA.38_1,Uganda,Mbale,,16358.581516504288,
00005ca1fecc03816e7d,KEN,KEN.3_1,Kenya,Bungoma,,74583.55130198796,
0000caf7eddbe8c46305,UGA,UGA.50_1,Uganda,Pallisa,,3213.289328813553,
00007b6cc5eccd024f14,UGA,UGA.56_1,Uganda,Tororo,,38745.58943132723,
0000b205f78f1cbe924a,UGA,UGA.17_1,Uganda,Kamuli,,11122.757864402789,
0000ae469015c3b4f914,UGA,UGA.10_1,Uganda,Iganga,,18180.337538838387,
00006eaa8c01cf41b1d2,UGA,UGA.14_1,Uganda,Kaberamaido,,167.8208179473877,
0000d4f70969a6a64374,UGA,UGA.46_1,Uganda,Nakasongola,,3913.9436272978783,
0000275d7ae95af61a2d,UGA,UGA.34_1,Uganda,Luwero,Luweero,30666.916256566143,
0000ae294fe3e0ed1a08,UGA,UGA.23_1,Uganda,Kayunga,,5189.571913393806,
0000cfc546a9107761d8,UGA,UGA.44_1,Uganda,Mukono,,162970.51273883373,
000030d3aa67c9e7057b,UGA,UGA.11_1,Uganda,Jinja,,11098.350140653167,
0000c1b8a547d2d954c5,UGA,UGA.57_1,Uganda,Wakiso,,540282.0343365141,
0000104a770d19ed9752,UGA,UGA.32_1,Uganda,Lake Victoria,,9873.476486928792,
0000851abfe96881c1a3,UGA,UGA.16_1,Uganda,Kampala,,1424.2814987556608,
0000e4eced8bb7d320f7,UGA,UGA.37_1,Uganda,Mayuge,,1499.2667186260223,
000056612b1982e315e1,UGA,UGA.4_1,Uganda,Bugiri,,0.0,
0000c1743d7e49c096cb,UGA,UGA.7_1,Uganda,Busia,,4193.795958378269,
000088bbc9548320dd98,KEN,KEN.4_1,Kenya,Busia,,55812.13023087138,
0000e49c1a9007588a99,KEN,KEN.11_1,Kenya,Kakamega,,184173.60931776222,
0000dab3411082e8fc7f,KEN,KEN.38_1,Kenya,Siaya,,87509.43975769888,
0000d41f070d65bf04c4,KEN,KEN.45_1,Kenya,Vihiga,,86324.83061208375,
0000069897fd7733ac54,KEN,KEN.17_1,Kenya,Kisumu,,196422.86071128192,
000003864b18350fc665,KEN,KEN.32_1,Kenya,Nandi,,49318.941464605996,
00005e6e02556128b31d,KEN,KEN.44_1,Kenya,Uasin Gishu,,119988.17483075085,
00007c7d7735137706dc,KEN,KEN.5_1,Kenya,Elgeyo-Marakwet,,26011.773164189563,
000024a4e2e3b86a7160,KEN,KEN.12_1,Kenya,Kericho,,888021.7428258925,
0000ac6802a502e7aec7,KEN,KEN.1_1,Kenya,Baringo,,60909.495136634745,
0000d6b1e78c82b0225d,KEN,KEN.47_1,Kenya,West Pokot,,14926.843147009611,
00007f2a767556417d3c,KEN,KEN.42_1,Kenya,Trans Nzoia,,71853.26729591454,
0000c2caecc64371b3bf,KEN,KEN.37_1,Kenya,Samburu,,32985.63221136401,
0000d6e27b968247bf95,KEN,KEN.25_1,Kenya,Marsabit,,12757.252748304956,
0000ca10233827ea1275,KEN,KEN.9_1,Kenya,Isiolo,,11565.789855771438,
0000c68c12cbefc05e06,KEN,KEN.20_1,Kenya,Laikipia,,105462.92022058307,
00007157aff87c4cf8fb,KEN,KEN.31_1,Kenya,Nakuru,,3223664.3920634547,
00009ccbb608b6d6dbd8,KEN,KEN.35_1,Kenya,Nyandarua,,124281.36515966746,
000099f3ade2b937a345,KEN,KEN.26_1,Kenya,Meru,,171741.85217378396,
000047205a9950df1e1b,KEN,KEN.36_1,Kenya,Nyeri,,164945.21966966885,
00009b64a8653a8b302e,KEN,KEN.41_1,Kenya,Tharaka-Nithi,,122960.65137910843,
00007ca72364c7f9f7ce,KEN,KEN.7_1,Kenya,Garissa,,1485495.930126049,
00001f63df3bf8c78a63,KEN,KEN.46_1,Kenya,Wajir,,2746.7769609689713,
000051373c7d310c2ffa,KEN,KEN.24_1,Kenya,Mandera,,54145.09218563215,
00000b37a78d352e759e,SOM,SOM.7_1,Somalia,Gedo,Gado,12425.695014759138,
00000b0ccf2444d74c7b,SOM,SOM.8_1,Somalia,Hiiraan,Hiiran,3015.694588780403,
000094460e2b9c5cb036,SOM,SOM.2_1,Somalia,Bakool,,0.0,
0000a4337668b514b42f,SOM,SOM.5_1,Somalia,Bay,Baay,1424.8337280154228,
00009ef143ddcfb8d0c6,SOM,SOM.15_1,Somalia,Shabeellaha Hoose,Sh. Hoose| Lower Shabele,83661.7008128657,
0000026a76dd0a60e369,SOM,SOM.9_1,Somalia,Jubbada Dhexe,J. Dhexe| Central Juba| Middle Juba,0.0,
0000ec7b00fb4ba29515,SOM,SOM.10_1,Somalia,Jubbada Hoose,J. Hoose| Lower Juba,1607.6949183450026,
0000033ab85a10b5c2db,KEN,KEN.21_1,Kenya,Lamu,,11746.93056897977,
0000d97864e30d5db3a5,KEN,KEN.14_1,Kenya,Kilifi,,244164.8641527821,
0000e634f509e1b5cbe8,KEN,KEN.40_1,Kenya,Tana River,,208467.99144353796,
0000859bcced57acede7,KEN,KEN.18_1,Kenya,Kitui,,108333.17677035215,
0000c03e0e61a2078d6c,KEN,KEN.22_1,Kenya,Machakos,,443352.1677706872,
0000fa8d93e6b3cdc22e,KEN,KEN.23_1,Kenya,Makueni,,181597.47210076018,
0000f3668bd6d1a49231,KEN,KEN.13_1,Kenya,Kiambu,,958405.2179493817,
0000c72e3ec9bf5cef6e,KEN,KEN.29_1,Kenya,Murang'a,,649236.2082813375,
00006aa279ec2fa0daf0,KEN,KEN.6_1,Kenya,Embu,,160483.22002249863,
00000143e28301ff11d3,KEN,KEN.15_1,Kenya,Kirinyaga,,124910.92509885867,
000053d59bbbe785233a,KEN,KEN.33_1,Kenya,Narok,,673357.591835233,
0000f2eebe1864edf697,KEN,KEN.2_1,Kenya,Bomet,,218230.51360718155,
0000ad6ff40152e9242f,KEN,KEN.8_1,Kenya,Homa Bay,,92461.76879400645,
0000bb3a9a5d0ed74484,KEN,KEN.34_1,Kenya,Nyamira,,80204.80088883733,
00004c75830331a27272,KEN,KEN.16_1,Kenya,Kisii,,229520.78206445422,
00009f9c316f11b91061,KEN,KEN.27_1,Kenya,Migori,,489946.08483091573,
000004528ef99d50ec8e,TZA,TZA.12_1,Tanzania,Mara,,151892.38684435358,
00004c7368ea369da415,TZA,TZA.1_1,Tanzania,Arusha,,381925.53432663635,
000070e599ef8af99deb,KEN,KEN.10_1,Kenya,Kajiado,,622665.1790466601,
00007045bfaa595f36bf,KEN,KEN.30_1,Kenya,Nairobi,,94993.33758924331,
00000c5a5313658e8c1e,TZA,TZA.9_1,Tanzania,Kilimanjaro,,245150.79690362027,
0000b5d7397dc022cbef,TZA,TZA.24_1,Tanzania,Simiyu,,21179.779008826787,
0000defaab9c284823e2,TZA,TZA.11_1,Tanzania,Manyara,,216538.68763991594,
00000db743ed39bd2140,TZA,TZA.25_1,Tanzania,Singida,,67044.09060257673,
0000424b2be638a59403,KEN,KEN.39_1,Kenya,Taita Taveta,,496348.58976855164,
00000b14b07ed1c421e1,KEN,KEN.19_1,Kenya,Kwale,,415221.5285387364,
000054647953dae2a15e,KEN,KEN.28_1,Kenya,Mombasa,,14133.476156815595,
0000786f3ef498d9145d,TZA,TZA.27_1,Tanzania,Tanga,,153280.8948431089,
00007a0f5c6c3d4e4743,TZA,TZA.18_1,Tanzania,Pemba North,Kaskazini Pemba,0.0,
0000a27f2eca7166cb20,TZA,TZA.19_1,Tanzania,Pemba South,Kusini Pemba,11388.963555232216,
000066815f2cdc35a33b,TZA,TZA.29_1,Tanzania,Zanzibar South and Central,Kusini Unguja,54718.21119965865,
0000914d9ac55fe26b97,TZA,TZA.28_1,Tanzania,Zanzibar North,Kaskazini Unguja,20327.360861061014,
0000038658159b9665bc,TZA,TZA.30_1,Tanzania,Zanzibar West,Mjini Magharibi,104772.3165268657,
00001d70eac954676b6f,TZA,TZA.20_1,Tanzania,Pwani,,435773.3203881657,
0000c2e8eef13d9b5229,TZA,TZA.14_1,Tanzania,Morogoro,,241942.29568069192,
0000b7d7e18038593453,TZA,TZA.3_1,Tanzania,Dodoma,,148916.0901011848,
0000947458e15f4d04b4,TZA,TZA.5_1,Tanzania,Iringa,,83367.37900154777,
0000435fd54496d6c2d1,TZA,TZA.13_1,Tanzania,Mbeya,,117040.61928026371,
000009fbb73eecc112a6,TZA,TZA.17_1,Tanzania,Njombe,,82443.70724731684,
0000675a65ae7d472552,TZA,TZA.10_1,Tanzania,Lindi,,19111.021976234864,
0000342a356e9a853acb,TZA,TZA.2_1,Tanzania,Dar es Salaam,Dar-es-salaam|Pwani,339570.81372702966,
0000bbb2483f480e72c9,TZA,TZA.15_1,Tanzania,Mtwara,,39634.025591774545,
0000c6796648020ce4fd,MOZ,MOZ.1_1,Mozambique,Cabo Delgado,,149691.18662335264,
000015f2c0403162c276,COM,COM.2_1,Comoros,NjazÃ­dja,Grande Comore,7610.304265929203,
00005f9ed7de7d992e23,COM,COM.1_1,Comoros,Mwali,MohÃ©li,9595.208451017212,
0000ea3223a0f9df7bf7,COM,COM.3_1,Comoros,Nzwani,Anjouan,0.0,
000063c71b94b953cf78,MDG,MDG.4_1,Madagascar,Mahajanga,Majunga,620159.4742679639,
00005defa5e55c99c542,MOZ,MOZ.7_1,Mozambique,Nampula,MoÃ§ambique|Mozambique,414658.8774833786,
0000dfa5d827edfe3f87,MOZ,MOZ.8_1,Mozambique,Nassa,Niassa,301468.08331445925,
0000a770a7c889846ac1,MOZ,MOZ.11_1,Mozambique,Zambezia,,340265.67097727646,
0000b94a1eb469faefe3,MOZ,MOZ.9_1,Mozambique,Sofala,,552736.1017995705,
00007fc8e8779109dd2c,MOZ,MOZ.10_1,Mozambique,Tete,,365796.73739110655,
0000708fc4d0657fb6bb,MWI,MWI.21_1,Malawi,Nsanje,Port Herald,0.0,
000033669f828a7bf9c7,MWI,MWI.15_1,Malawi,Mulanje,Mlange|Mlanje,9101.202810740939,
0000551ee550eb66d14d,MWI,MWI.27_1,Malawi,Thyolo,Cholo,11511.479193205927,
0000b41f9419d57d9f6d,MWI,MWI.3_1,Malawi,Chikwawa,,14193.4614880085,
00006b1066d17a5d6cf2,MOZ,MOZ.4_1,Mozambique,Manica,,283166.02639866923,
0000bbe189cb53053747,MWI,MWI.2_1,Malawi,Blantyre,,57531.03101814541,
00009caa2b2dd294a9fb,MWI,MWI.4_1,Malawi,Chiradzulu,,5131.021757089391,
0000cce9b5f9f8acda73,MWI,MWI.28_1,Malawi,Zomba,,21548.606315977435,
00005f0f66be80370258,MWI,MWI.18_1,Malawi,Neno,,1579.9381429924679,
00002f66a6f708ac6aaf,MWI,MWI.16_1,Malawi,Mwanza,,5804.93924087286,
000042c91e3399765cc0,MWI,MWI.1_1,Malawi,Balaka,,9847.28007574923,
0000e420fcf656a56f60,MWI,MWI.22_1,Malawi,Ntcheu,Ncheu,6318.862582045442,
0000d11d61a952879bd1,MWI,MWI.12_1,Malawi,Machinga,Kasupe|Kasupi|Liwonde,9716.559737865831,
0000ecd3aa6eca2a5da3,MWI,MWI.24_1,Malawi,Phalombe,,6378.58700466156,
00004146ef2ba1a6e845,MWI,MWI.13_1,Malawi,Mangochi,Mangoche|Fort Johnston,14079.635376572609,
000098bed71063ea15b8,MWI,MWI.6_1,Malawi,Dedza,,14533.274101369056,
0000ef7f1453cbef9d16,MWI,MWI.26_1,Malawi,Salima,,11458.387418270111,
00001104aa1febc71333,MWI,MWI.20_1,Malawi,Nkhotakota,Kota Kota,19890.276140332222,
0000f38c27f2781dd849,MWI,MWI.10_1,Malawi,Likoma,,0.0,
00008d98321fac7d6dcf,MWI,MWI.19_1,Malawi,Nkhata Bay,Chinteche,8086.2645855090195,
0000f477d2a3f5ad71e3,TZA,TZA.22_1,Tanzania,Ruvuma,,18016.179854094982,
0000758fb1e2f48996b8,MWI,MWI.25_1,Malawi,Rumphi,Rumpi,4265.161945001284,
0000e37fd7379e45beaa,MWI,MWI.8_1,Malawi,Karonga,,14675.468153535618,
0000c76939d70f911562,MWI,MWI.5_1,Malawi,Chitipa,,826.0455986261368,
00000f523d03df8936f6,ZMB,ZMB.6_1,Zambia,Muchinga,,57449.10112087482,
0000145c09eca9c0a238,MWI,MWI.17_1,Malawi,Mzimba,,23200.509392555323,
00005a87e54782db1856,ZMB,ZMB.8_1,Zambia,Northern,,67021.03470104933,
0000efc9cf38b7aa79fa,TZA,TZA.21_1,Tanzania,Rukwa,,11594.9319845438,
0000eed792bf6eb6a837,ZMB,ZMB.4_1,Zambia,Luapula,Fort Rosebery,106877.90824335883,
0000f180ef1da50693ca,COD,COD.3_1,Democratic Republic of the Congo,Haut-Katanga,,97914.96669319668,
00004fe32905d1b0536a,ZMB,ZMB.1_1,Zambia,Central,Broken Hill,110520.98942540018,
0000b1a0f0b1b0bffffb,ZMB,ZMB.2_1,Zambia,Copperbelt,Western,155414.7640853764,
00008ef9f5da05059aaa,ZMB,ZMB.3_1,Zambia,Eastern,Fort Jameson,106832.32204920008,
0000b3c05fd6510b250f,MWI,MWI.14_1,Malawi,Mchinji,Fort Manning,20285.01695451596,
00007b9b0052d8a88398,MWI,MWI.9_1,Malawi,Kasungu,,8422.9623837471,
000079b1e3a786c27843,MWI,MWI.23_1,Malawi,Ntchisi,Nchisi,655.8519902229309,
000018ba8ffcf4b45315,MWI,MWI.7_1,Malawi,Dowa,,5809.05694745148,
00007fa24f9118843dc0,MWI,MWI.11_1,Malawi,Lilongwe,,87206.07521431586,
0000a2a82e7e41a790b5,ZWE,ZWE.4_1,Zimbabwe,Mashonaland Central,,30520.781514540136,
00001271443b406041fe,ZWE,ZWE.3_1,Zimbabwe,Manicaland,,67185.58685216111,
00009f7d586960605ee1,ZWE,ZWE.7_1,Zimbabwe,Masvingo,,57338.624722760105,
00002a4df2c256fac746,ZWE,ZWE.5_1,Zimbabwe,Mashonaland East,,46024.56410999105,
00000ffb51de9a13b59d,ZWE,ZWE.6_1,Zimbabwe,Mashonaland West,,95893.30223136427,
0000d2ac9c8892d295ef,ZWE,ZWE.2_1,Zimbabwe,Harare,,7069.598268749841,
0000e1b8bd7f5a31647b,ZWE,ZWE.10_1,Zimbabwe,Midlands,,69317.04119678677,
00009cf421bd2a1085fe,ZWE,ZWE.9_1,Zimbabwe,Matabeleland South,,32678.663964605563,
0000f1c546690486ff91,ZWE,ZWE.8_1,Zimbabwe,Matabeleland North,,49240.021683356346,
0000b240eb22a090260d,ZMB,ZMB.9_1,Zambia,Southern,,285825.463507139,
00005e61e697202c20e4,ZMB,ZMB.5_1,Zambia,Lusaka,,173477.86268571988,
000080cd1ce6e8fb189d,ZWE,ZWE.1_1,Zimbabwe,Bulawayo,,41930.20554860785,
0000aca10d4b084c291b,BWA,BWA.1_1,Botswana,Central,Centre|Ngwato|Serowe-Palapye,164263.599852193,
00002a269f6600eaf327,BWA,BWA.2_1,Botswana,Chobe,,14543.709669147987,
000004c398cf6a1fb120,NAM,NAM.13_1,Namibia,Zambezi,Caprivi,52426.91479071777,
0000dbdd67f13cd1c395,BWA,BWA.12_1,Botswana,North-West,North West|Bokone-Bophirima,39772.61747884049,
0000f0794e97dbd642c1,BWA,BWA.5_1,Botswana,Ghanzi,Ghantsi,4406.218356510237,
00000d3909c536a24e4c,ZMB,ZMB.10_1,Zambia,Western,Barotseland,120196.41003918392,
00002f00e27ca1c32b8a,AGO,AGO.5_1,Angola,Cuando Cubango,,1461423.5198175723,
0000fd0ad7ebece679cc,ZMB,ZMB.7_1,Zambia,North-Western,,89139.75868779421,
00008d4c125544774838,AGO,AGO.15_1,Angola,Moxico,,232491.92385101318,
0000d71fde1d7758ff18,COD,COD.15_1,Democratic Republic of the Congo,Lualaba,,1161567.8534011822,
0000ebcb52945ac3e432,COD,COD.4_1,Democratic Republic of the Congo,Haut-Lomami,,1293.3353280425072,
0000b3f9d4d36f2a6b1a,COD,COD.14_1,Democratic Republic of the Congo,Lomami,,0.0,
0000c8d1e0759ab5adf6,COD,COD.7_1,Democratic Republic of the Congo,KasaÃ¯-Central,,0.0,
0000538f1e855ddda73f,COD,COD.8_1,Democratic Republic of the Congo,KasaÃ¯-Oriental,,1565.4864513278008,
0000ec0daa7f964ccbf0,COD,COD.21_1,Democratic Republic of the Congo,Sankuru,,0.0,
0000c5e7cc885787bbac,COD,COD.17_1,Democratic Republic of the Congo,Maniema,,8967.000731825829,
000003a19af91805c947,COD,COD.24_1,Democratic Republic of the Congo,Tanganyika,,1998.2213916778564,
0000724d569cc2958259,COD,COD.22_1,Democratic Republic of the Congo,Sud-Kivu,,39466.4922491312,
00009ac59005d985d5b1,TZA,TZA.8_1,Tanzania,Kigoma,,19949.95980221033,
00007f8a14835afca538,TZA,TZA.7_1,Tanzania,Katavi,,7077.371628522873,
0000f0e4681f520da6a1,TZA,TZA.26_1,Tanzania,Tabora,,47275.06965474521,
00006bc6f645cf5ad9fc,TZA,TZA.23_1,Tanzania,Shinyanga,,84746.31977062156,
0000742d1ca4e0ebaf73,TZA,TZA.4_1,Tanzania,Geita,,79493.7506361412,
000046e53b678c764914,BDI,BDI.11_1,Burundi,Makamba,,0.0,
00001c14bdb39ee12671,BDI,BDI.4_1,Burundi,Bururi,,13144.03188920021,
0000779bd077040e0771,BDI,BDI.16_1,Burundi,Rutana,,460.5902761220932,
0000f7a54aa3eb909d18,BDI,BDI.7_1,Burundi,Gitega,Kitega,2900.405260682106,
000001a4eb626f2cba4d,BDI,BDI.3_1,Burundi,Bujumbura Rural,Usumbura,17911.891216858578,
0000c96090c38ddbe30c,BDI,BDI.14_1,Burundi,Mwaro,,1415.534954547882,
0000e7a72cc1335d7190,BDI,BDI.17_1,Burundi,Ruyigi,,0.0,
000000c3a28e31b28b42,BDI,BDI.8_1,Burundi,Karuzi,Karusi,0.0,
000043fcbfcf17e7bad9,BDI,BDI.12_1,Burundi,Muramvya,Muramviya,0.0,
0000226ce62a9a7560e8,BDI,BDI.2_1,Burundi,Bujumbura Mairie,,3274.941697037103,
00005b6592778c142aeb,BDI,BDI.1_1,Burundi,Bubanza,,6392.242819190025,
0000ce08c68464814b04,BDI,BDI.6_1,Burundi,Cibitoke,,3522.5925196409225,
00008abae843b0ab6a2b,RWA,RWA.2_1,Rwanda,Amajyepfo,Southern Province|Province du Sud,68878.56723179421,
00008b4cd4f538f5418a,RWA,RWA.4_1,Rwanda,Iburengerazuba,Western Province|Province de l'Ouestern Province|Province de l'Ouest,44363.2193723917,
0000f3b36b9e49529868,BDI,BDI.10_1,Burundi,Kirundo,,1393.2895381240285,
00007e9769c1ec649787,RWA,RWA.3_1,Rwanda,Iburasirazuba,Eastern Province|Province de l'Est,49651.41202730875,
0000f3d04971a1065e64,BDI,BDI.15_1,Burundi,Ngozi,,3086.8750985860825,
000095b620263e188efb,BDI,BDI.13_1,Burundi,Muyinga,Muhinga,3833.5427391529083,
0000534d5571cae55d5b,BDI,BDI.9_1,Burundi,Kayanza,,1585.3413425683975,
000080f02f811727ce96,BDI,BDI.5_1,Burundi,Cankuzo,,0.0,
000024003b4e465058b1,TZA,TZA.6_1,Tanzania,Kagera,,48774.7711076387,
0000c52cbf2f3ecac87f,TZA,TZA.16_1,Tanzania,Mwanza,,182161.71081558746,
0000fb5e8ac97c0e7fb5,UGA,UGA.15_1,Uganda,Kalangala,,1083.3969395469217,
00009669199b775efa2a,UGA,UGA.51_1,Uganda,Rakai,,9488.662692360318,
0000d646a4584366555b,UGA,UGA.6_1,Uganda,Bushenyi,,21884.50557386875,
0000c894277f1b3560f8,UGA,UGA.48_1,Uganda,Ntungamo,,8815.891526788824,
000024ada22707cac234,RWA,RWA.5_1,Rwanda,Umujyi wa Kigali,Kigali City|Ville de Kigali,82369.07251086563,
000077d1957907579660,RWA,RWA.1_1,Rwanda,Amajyaruguru,Northern Province|Province du Nord,20252.14362522013,
0000c98f86ec0c3c4a09,UGA,UGA.12_1,Uganda,Kabale,,14596.86374104023,
00007e028c7763b121bf,UGA,UGA.52_1,Uganda,Rukungiri,,8671.179707050323,
0000729e663e32d01018,UGA,UGA.26_1,Uganda,Kisoro,,1342.8230116661857,
0000d9970d9af7822585,UGA,UGA.19_1,Uganda,Kanungu,,3897.6833362579346,
00003913bc2ef0f0a9a8,COD,COD.16_1,Democratic Republic of the Congo,MaÃ¯-Ndombe,,1995.1181472539902,
00008888bd56b371f0a5,COG,COG.9_1,Republic of Congo,Plateaux,,105006.13387972595,
0000e29b30aedc501906,COD,COD.13_1,Democratic Republic of the Congo,Kwilu,,3630.971291780472,
00009399ad5c70a0374a,COD,COD.12_1,Democratic Republic of the Congo,Kwango,,0.0,
00003649dc831553e43d,COD,COD.9_1,Democratic Republic of the Congo,KasaÃ¯,,4252.73629540205,
0000ebeb04a891fb56ce,AGO,AGO.12_1,Angola,Lunda Norte,,24802.93836457075,
00009c7da534986c516e,AGO,AGO.13_1,Angola,Lunda Sul,,63880.40809357166,
00007c8c0fe6f778c971,AGO,AGO.14_1,Angola,Malanje,Malange,18501.10187718681,
00003d38ddd75cee2131,AGO,AGO.17_1,Angola,UÃ­ge,,45285.570370554924,
00004a5c1f4eaac41d18,COD,COD.11_1,Democratic Republic of the Congo,Kongo-Central,,506147.1994774067,
0000c02ae9b85d6b2e2b,COD,COD.10_1,Democratic Republic of the Congo,Kinshasa,,147653.44919389125,
0000f130e91b03efe526,COG,COG.11_1,Republic of Congo,Pool,,468559.0453088281,
0000d8b784124bf4a42b,AGO,AGO.18_1,Angola,Zaire,,145124.7947053933,
000009f8eb2e88e5d285,AGO,AGO.6_1,Angola,Cuanza Norte,Cuanza-Nord|Kwanza Norte,42051.04323322586,
00006e9604f688b0cc55,AGO,AGO.7_1,Angola,Cuanza Sul,Cuanza-Sud|Kwanza Sul,48221.81656159268,
00007116ff53267df3a7,AGO,AGO.1_1,Angola,Bengo,,79862.68997061721,
00003c7284f9ea8da1b6,AGO,AGO.11_1,Angola,Luanda,Loanda,218167.0678786803,
000073775cdf8ef02fc8,AGO,AGO.4_1,Angola,Cabinda,,156055.53144490276,
000049cf8b45ad436001,COG,COG.5_1,Republic of Congo,Kouilou,,177054.08425395723,
0000258b361f6eb248bf,COG,COG.10_1,Republic of Congo,Pointe Noire,,204.20004316778744,
000026f6e736e4af25a7,COG,COG.8_1,Republic of Congo,Niari,,8313.851784467697,
0000ed99f6d5c65bffaf,GAB,GAB.5_1,Gabon,Nyanga,,19300.413228047364,
000013deb1aab2f33819,GAB,GAB.4_1,Gabon,NgouniÃ©,N'GouniÃ©,37376.36363108696,
0000513c38343107a106,COG,COG.1_1,Republic of Congo,Bouenza,,51609.55082118511,
00000884afd9de5b5811,COG,COG.6_1,Republic of Congo,LÃ©koumou,,1938.2209566831589,
00002939fd4b79f42231,COG,COG.2_1,Republic of Congo,Brazzaville,,4985.656813395725,
000083ab73048153307d,GAB,GAB.8_1,Gabon,OgoouÃ©-Maritime,,27823.295166368807,
0000c55959a6c3e172f1,GNQ,GNQ.1_1,Equatorial Guinea,AnnobÃ³n,,2005.4878542245601,
0000cca6e1d9c4c7d231,NAM,NAM.6_1,Namibia,Kunene,,16182.427600875788,
0000dbd5fc02e1ecae1d,NAM,NAM.2_1,Namibia,Erongo,,165032.87107732063,
000047b6a1272e7b26de,NAM,NAM.12_1,Namibia,Otjozondjupa,,34034.71242053018,
000054574fa70dae300e,NAM,NAM.10_1,Namibia,Oshana,,17602.13204794526,
0000beace459af6cc91f,NAM,NAM.11_1,Namibia,Oshikoto,,20264.58427962287,
000081888f22a45442cf,NAM,NAM.9_1,Namibia,Omusati,,29221.400059182273,
000063fb6557521f9745,NAM,NAM.7_1,Namibia,Ohangwena,,27014.14525721541,
000021418820698f8b55,AGO,AGO.8_1,Angola,Cunene,,585562.3546798351,
0000765625863006d9ab,AGO,AGO.10_1,Angola,HuÃ­la,,96500.52520406246,
0000b970d75dc1246ac3,AGO,AGO.16_1,Angola,Namibe,MoÃ§Ã¢medes|Mossamedes,79011.23121885295,
00008bdb856ac057d753,AGO,AGO.2_1,Angola,Benguela,Benguella,3.031673895112568E7,
00009d998b430cefe4b5,AGO,AGO.9_1,Angola,Huambo,,22129.44941031933,
00008cda9f5f625cbdac,AGO,AGO.3_1,Angola,BiÃ©,,40663.70327436924,
0000420512a8a3f93c41,NAM,NAM.4_1,Namibia,Kavango,,21522.310740634974,
00006d87420b026a1c23,NAM,NAM.8_1,Namibia,Omaheke,,20047.372028030368,
00000bb174c0ea491f22,BWA,BWA.7_1,Botswana,Kgalagadi,,9732.366490313469,
00006fa98c434666ede7,NAM,NAM.3_1,Namibia,Hardap,,31678.87097661495,
0000eae09086bb5e19c4,NAM,NAM.5_1,Namibia,Khomas,,86946.979154077,
00008af1221b6fd11ce8,NAM,NAM.1_1,Namibia,!Karas,Karas,55900.809661195446,
0000e26b7080d50ee682,ZAF,ZAF.8_1,South Africa,Northern Cape,Noord-Kaap,800507.8639544348,
0000c18ba14589d23b56,ZAF,ZAF.9_1,South Africa,Western Cape,Wes-Kaap,983396.7476239601,
00008dde7ebf9b188d0e,ZAF,ZAF.4_1,South Africa,KwaZulu-Natal,Natal and Zululand,6627832.576395352,
000055d96c49410a7ee0,ZAF,ZAF.1_1,South Africa,Eastern Cape,Oos-Kaap,1598893.8119450358,
00007d455ac922729b50,ZAF,ZAF.2_1,South Africa,Free State,Orange Free State|Vrystaat,812846.7613576314,
000054657081eb169305,LSO,LSO.9_1,Lesotho,Quthing,,4669.4429996621375,
0000194f64994d258f77,LSO,LSO.8_1,Lesotho,Qacha's Nek,Quacha's Nek|Quachas Nek,4423.3346523799155,
00002fb0395269644967,LSO,LSO.6_1,Lesotho,Mohale's Hoek,Mohales Hoek,13493.043402636402,
0000131a5906efd0ecd3,LSO,LSO.10_1,Lesotho,Thaba-Tseka,Thaba Tseka,3663.043276107779,
0000dd67f662c65561dc,LSO,LSO.4_1,Lesotho,Mafeteng,,21296.687728246987,
0000d88fbf3e5c4737b1,LSO,LSO.5_1,Lesotho,Maseru,,43998.96455970629,
0000f96d1f8933b72472,LSO,LSO.1_1,Lesotho,Berea,Teyateyaneng,13840.301472918427,
0000a5401a80f07a9fa4,LSO,LSO.3_1,Lesotho,Leribe,,32771.22522866165,
00002d6a78ed9e7b0e2d,LSO,LSO.7_1,Lesotho,Mokhotlong,,2410.026508808136,
0000b1ff2124029339d6,LSO,LSO.2_1,Lesotho,Butha-Buthe,Butha Buthe,8339.267923806226,
00004f5a4afe183fb42b,ZAF,ZAF.7_1,South Africa,North West,North-West|Noordwes,2955503.840023119,
000095d197e2a66bf7ca,ZAF,ZAF.6_1,South Africa,Mpumalanga,Eastern Transvaal,2729939.1617698525,
00005384dc166a76b89f,ZAF,ZAF.3_1,South Africa,Gauteng,Pretoria/Witwatersrand/Vaal,1558262.281198975,
00007c7d0246cb89113e,BWA,BWA.15_1,Botswana,Southern,Borwa|Ngwakets|Ngwaketse,52919.01446661353,
0000a2ed97d6ce638f1e,BWA,BWA.14_1,Botswana,South-East,Borwa-Botlhaba,44760.19649396281,
0000c33696ecc11f7555,BWA,BWA.10_1,Botswana,Lobatse,,152.56800304183776,
0000ff760a5f32264abb,BWA,BWA.9_1,Botswana,Kweneng,,60823.9990519873,
0000051db713ac8df898,BWA,BWA.6_1,Botswana,Jwaneng,,8868.446217145405,
00009062a4f780d76f21,BWA,BWA.16_1,Botswana,Sowa,,22.108541151589037,
0000711a7719f1e6c658,BWA,BWA.11_1,Botswana,North-East,North East|Bokone-Botlhaba,29480.783051074017,
0000a171719bad5569e5,BWA,BWA.3_1,Botswana,Francistown,,7739.081592038097,
0000cd6ac7451d308be4,BWA,BWA.13_1,Botswana,Selibe Phikwe,,5919.754379631958,
00003e379146cd1a6d27,ZAF,ZAF.5_1,South Africa,Limpopo,Noordelike Provinsie|Northern Transvaal|Northern Province,4017536.3783746907,
00005ac9e9cebddd96b8,BWA,BWA.8_1,Botswana,Kgatleng,,27807.75752175438,
00005e276911e75640c5,BWA,BWA.4_1,Botswana,Gaborone,,24020.925269945692,
00008cf2448b596f3e0b,MOZ,MOZ.2_1,Mozambique,Gaza,,594958.7554144897,
0000a697a7e4ba684ed5,MOZ,MOZ.3_1,Mozambique,Inhambane,,308885.4007079383,
00008a30ff012ad3226e,MOZ,MOZ.6_1,Mozambique,Maputo,,609333.8025043231,
00001bb73aee235f0a08,MOZ,MOZ.5_1,Mozambique,Maputo City,,719835.3994138102,
0000e0195cc8b3d62c64,SWZ,SWZ.2_1,Swaziland,Lubombo,,81314.80896631994,
0000d8885737c2b4f7fa,SWZ,SWZ.4_1,Swaziland,Shiselweni,Shiselwini,31413.1203854832,
0000501a7b9bea3db7bd,SWZ,SWZ.3_1,Swaziland,Manzini,,212616.2645479422,
00006c9211116131aa13,SWZ,SWZ.1_1,Swaziland,Hhohho,,129806.72585798314,
0000e67f111827a5a214,ATF,ATF.2_1,French Southern Territories,ÃŽles Ã‰parses,Glorioso Islands,0.0,
00000092b7241c98bea3,MDG,MDG.6_1,Madagascar,Toliary,Toleary|Toliary|TulÃ©ar,434912.27258546185,
000024443d1899b9978d,MDG,MDG.3_1,Madagascar,Fianarantsoa,,247015.85874978537,
00009de7b90b24d6643d,MDG,MDG.1_1,Madagascar,Antananarivo,Tananarive,270492.5676316619,
000099159265b8935d5b,MDG,MDG.5_1,Madagascar,Toamasina,Tamatave,297553.2421948299,
00001ab44af459fd7bdc,MYT,MYT.9_1,Mayotte,Kani-Keli,,9546.990961034156,
0000a7f99edc37556a8b,MYT,MYT.4_1,Mayotte,Boueni,,2332.116318548427,
000029a834553d5988d8,MYT,MYT.3_1,Mayotte,Bandrele,,8285.130111996334,
00007467adecea876363,MYT,MYT.6_1,Mayotte,Chirongui,,4775.636105473369,
0000d098b4762d2c0d67,MYT,MYT.16_1,Mayotte,Sada,,2809.702788737708,
0000bcbcaba8ed81efb2,MYT,MYT.14_1,Mayotte,Ouangani,,2189.779965338987,
00000b52da299f882cbc,MYT,MYT.1_1,Mayotte,Acoua,,702.1733238631602,
00001155ceaf4601cc90,MYT,MYT.13_1,Mayotte,Mtsamboro,,253.54926200941497,
0000286f485702b1d323,MYT,MYT.11_1,Mayotte,M'tsangamouji,,2351.4279082536696,
000052db57fe7e38669f,MYT,MYT.17_1,Mayotte,Tsingoni,,3230.93593647854,
00003659af12d7b8770d,MYT,MYT.2_1,Mayotte,Bandraboua,,4033.9241864501264,
0000e742a3307c87164b,MYT,MYT.10_1,Mayotte,Koungou,,1236.5522609869638,
0000536c62b037cdb5a0,MYT,MYT.7_1,Mayotte,Dembeni,,2279.7440793509577,
000052202356dce3d73d,MYT,MYT.5_1,Mayotte,Chiconi,,4775.1365053457375,
00000849d9a762b31468,MYT,MYT.12_1,Mayotte,Mamoudzou,,1277.6813907987932,
000040f125f28397ed8d,MYT,MYT.8_1,Mayotte,Dzaoudzi,,286.0840658117743,
0000e8cea7d27f119489,MYT,MYT.15_1,Mayotte,Pamandzi,,202.7426161967072,
000086eb4fe3da0fcd92,MDG,MDG.2_1,Madagascar,Antsiranana,DiÃ©go-Suarez|Antseranana,179557.37669308396,
0000672af34d6193e94d,SYC,SYC.20_1,Seychelles,Outer Islands,,0.0,
00000c8f1d07472a4340,SOM,SOM.12_1,Somalia,Nugaal,,66565.85634791851,
00002527432621c9d9ff,SOM,SOM.3_1,Somalia,Banaadir,Benadir,5.107254477108226,
0000b3394ce316c7fbc9,SOM,SOM.14_1,Somalia,Shabeellaha Dhexe,Sh. Dhexe| Central Shabele,3404.2759807109833,
0000e80f11232a3192e2,SOM,SOM.6_1,Somalia,Galguduud,Galgudug,0.0,
0000d051b5d054fbd408,SOM,SOM.11_1,Somalia,Mudug,Madugh| Mudugh,262770.85014659166,
0000e2c7a232fabd76c3,SOM,SOM.16_1,Somalia,Sool,,1574.5733447710672,
00005b93e6146cf5b1d7,SOM,SOM.13_1,Somalia,Sanaag,Sanag,0.0,
00008786f94dc0e22a01,SOM,SOM.4_1,Somalia,Bari,,9482.416961050034,
